id,project_id,user_id,role,time_allocation,comments,short_code
433,54,212,3,0.1,,
438,198,24,1,0.0,,
440,81,6,1,0.2,,
441,113,70,1,0.01,I am involved in this only in a supervisory capacity,
442,183,8,1,0.2,,
445,132,11,1,0.1,,
450,164,6,1,0.0,,
451,54,119,1,0.5,,
452,182,8,1,0.2,,
456,195,241,2,0.5,,
457,132,102,2,0.1,,
4165,926,100458,1,0.0,,
464,195,6,2,0.05,,
465,196,6,2,0.05,,
466,81,51,2,1.0,,
468,143,30,3,0.2,,
472,81,83,2,0.0,,
474,132,6,2,0.1,,
475,164,43,3,0.0,,
488,81,69,2,0.0,,
490,81,102,2,0.0,,
491,85,103,2,0.7,,
492,180,142,1,0.0,,
493,173,54,1,0.9,,
502,95,24,1,0.0,,
504,119,54,1,0.05,,
507,21,158,1,0.1,,
508,62,92,1,1.0,,
509,75,44,1,0.2,,
510,148,28,1,0.4,,
511,71,113,1,0.05,,
512,96,215,1,0.0,,
514,113,30,1,0.0,,
515,101,67,1,0.0,,
516,27,9,1,0.0,,
518,3,100,1,0.0,,
519,136,8,1,0.0,,
520,34,22,1,0.25,,
524,179,89,1,0.08,,
525,89,200,1,0.15,,
526,88,200,1,0.75,,
527,90,119,1,0.75,,
530,83,44,1,0.0,,
532,91,6,1,0.1,,
533,160,142,1,0.05,,
534,108,8,1,0.1,,
4812,708,100451,2,0.1,,
536,156,110,1,0.0,,
537,124,156,1,0.09,,
538,39,46,1,0.0,,
539,8,46,1,0.0,,
544,162,189,1,0.5,,
547,38,73,1,0.0,,
549,178,89,1,0.1,,
550,159,142,1,0.8,,
551,13,113,1,0.0,,
552,28,9,1,0.0,,
553,30,9,1,0.0,,
554,31,33,1,0.3,,
557,69,116,1,0.5,,
558,177,89,1,0.3,,
562,176,89,1,0.1,,
563,139,105,1,0.0,,
564,128,107,1,0.15,,
565,134,4,1,0.1,"Jeff Richardson and Judith Harvey not in the list  Tim Gamblin, Ben Bayliss, Jane Hogben and Brett Glossop also not there",
566,175,89,1,0.2,,
569,173,46,2,0.05,,
574,135,4,1,0.2,,
575,29,33,1,0.2,,
576,129,124,1,0.1,,
577,63,30,2,0.25,,
578,180,89,1,0.05,,
579,133,68,1,0.3,,
531,85,22,1,0.1,,
3999,906,100815,8,0.2,,
3444,807,100525,1,0.05,,
449,184,29,1,0.3,,
4181,927,100169,3,0.2,,
455,194,64,1,0.3,,
471,155,49,3,0.4,,
4388,946,100456,1,0.1,,rsp528
437,196,241,1,0.5,,
503,7,12,1,0.1,,
4651,1001,307,2,0.05,Project oversight,
444,193,112,2,0.1,,
528,87,60,1,0.3,,
540,112,78,1,0.6,,
571,142,22,1,0.5,,
521,106,145,1,0.15,,
436,185,158,1,0.2,,
581,35,44,1,0.8,,
582,104,7,1,0.05,,
583,188,44,1,0.7,,
585,174,89,1,0.1,,
586,114,233,1,0.0,,
587,11,90,1,0.0,,
588,161,145,1,0.1,,
589,2,24,1,0.0,,
590,15,17,1,0.0,,
591,14,17,1,0.0,,
594,24,6,1,0.0,,
595,103,21,1,0.0,,
600,178,88,2,0.25,,
601,104,203,2,0.2,,
602,29,9,2,0.01,,
4018,907,100819,7,1.0,,
4171,925,30,3,0.3,,
3472,810,100663,6,0.1,,
3470,795,100580,6,0.2,,
3499,815,12,2,0.1,,
4376,971,100936,3,1.0,,
603,69,119,2,0.01,,
4031,912,100660,2,0.01,,
3412,790,100649,7,1.0,,
3488,813,100668,2,0.2,,
605,128,27,2,0.2,,
606,64,6,2,0.1,,
615,108,47,2,1.0,,
4172,863,100169,3,0.2,,
3417,788,100647,7,1.0,,
4177,927,22,1,0.05,,
4186,931,100660,1,0.05,,
4245,948,100873,3,0.0,,
593,22,158,9,0.6,,
505,72,57,1,1.0,,535-fauna
561,126,155,1,0.7,,
4380,972,93,1,0.0,,
4386,943,100939,1,0.1,,
4387,369,100688,2,0.01,,
4652,985,87,1,0.0,,
617,124,107,2,0.04,,
618,134,172,2,0.0,,
623,90,212,3,0.5,,
625,13,45,3,0.0,,
626,27,38,3,0.0,,
627,28,38,3,0.0,,
628,30,38,3,0.0,,
629,32,38,3,0.0,,
630,38,26,3,0.0,,
631,31,9,2,0.3,,
632,46,38,3,0.05,,
633,34,59,2,0.4,,
634,101,130,3,0.0,,
635,96,17,2,0.0,,
636,161,27,2,0.1,,
637,174,7,2,0.05,,
638,175,7,2,0.1,,
639,176,88,2,0.3,,
640,177,27,2,0.1,,
641,162,89,2,0.02,,
642,62,127,2,1.0,,
643,8,54,3,0.0,,
644,39,54,2,0.0,,
645,156,71,3,0.0,,
648,83,10,2,0.0,,
650,149,15,3,0.4,,
652,178,7,2,0.05,,
653,179,87,2,0.05,,
656,3,212,3,0.0,,
657,119,205,2,0.2,with regional services,
658,136,6,2,0.0,,
659,180,1,2,0.5,,
660,129,126,3,0.1,,
662,21,157,3,0.8,,
665,95,55,3,0.0,,
668,166,106,2,0.0,,
670,173,50,2,0.05,,
671,84,45,3,0.0,,
672,14,231,3,0.0,,
673,15,231,3,0.0,,
674,2,55,3,0.0,,
675,11,232,3,0.0,,
676,114,145,2,0.0,,
677,188,217,3,0.95,,
680,63,70,1,0.01,Janet Farr only in supervisory capacity,
681,20,63,3,0.0,,
684,104,88,2,0.2,,
685,148,15,3,0.2,,
686,128,78,2,0.1,,
689,156,79,3,0.0,,
691,64,8,2,0.1,,
3392,761,100642,6,0.0,,
693,119,46,3,0.8,,
694,180,204,3,0.25,,
695,30,33,2,0.0,,
696,28,33,2,0.0,,
697,27,33,2,0.0,,
699,176,7,2,0.05,,
700,147,20,3,0.0,,
701,31,38,3,0.05,,
702,177,145,2,0.1,,
703,96,131,2,0.0,,
704,29,38,3,0.05,,
706,134,211,2,0.0,,
707,38,161,3,0.0,,
708,13,125,3,0.0,,
709,166,127,3,0.1,,
710,123,129,2,0.01,,
711,175,27,2,0.1,,
712,142,91,3,0.8,,
713,133,89,2,0.05,,
3396,788,100518,1,0.1,,
716,2,52,3,0.0,,
717,20,52,3,0.0,,
722,71,63,3,0.2,,
724,124,129,2,0.04,GMER,
726,146,20,3,0.0,,
622,94,108,2,0.3,,
682,169,242,2,0.01,,
664,7,187,3,0.1,,
651,112,49,3,0.1,,
669,111,49,3,0.05,,
655,106,156,2,0.05,,
580,111,78,1,0.1,,
4000,906,270,8,0.2,,
734,175,145,2,0.1,,
735,166,92,2,0.05,,
736,177,88,2,0.4,,
737,162,88,2,0.1,,
739,124,145,2,0.03,,
4019,907,100820,2,0.01,,
741,96,70,2,0.0,Project complete,
743,119,50,2,0.05,,
745,95,98,3,0.0,,
748,173,205,2,0.0,,
751,20,159,3,0.0,,
752,2,98,3,0.0,,
754,35,21,2,0.05,,
755,188,69,2,0.02,,
756,133,151,2,0.05,,
758,34,108,2,0.25,,
760,28,65,3,0.0,,
761,30,65,3,0.0,,
762,27,65,3,0.0,,
764,13,63,3,0.0,,
766,29,65,3,0.03,,
769,147,65,3,0.0,,
770,20,100,2,0.0,,
774,34,48,3,0.75,,
775,133,239,3,0.1,,
776,175,88,2,0.1,,
777,146,65,3,0.0,,
778,177,156,2,0.4,,
779,129,25,2,0.05,,
4166,926,100105,6,0.0,,
607,59,6,1,0.1,,
783,84,17,2,0.0,,
3393,760,100643,6,0.0,,
789,96,45,3,0.0,,
792,166,11,2,0.05,,
796,129,114,2,0.05,,
798,177,107,2,0.4,,
799,96,63,3,0.0,,
3397,788,100462,1,0.1,,
782,64,146,3,0.0,,
616,125,47,1,0.1,,
4173,865,100169,3,0.2,,
750,26,10,8,0.0,,
4653,985,307,2,0.0,,
661,72,115,3,1.0,,535-fauna
801,147,37,3,0.0,,
802,124,62,2,0.02,GMER,
803,133,240,3,0.1,,
804,34,73,2,0.4,,
805,146,37,3,0.0,,
807,175,233,2,0.0,,
813,34,91,3,0.1,,
814,175,156,2,0.1,,
4389,946,100941,7,0.25,,
817,34,26,3,0.8,,
821,96,159,3,0.0,,
827,175,107,2,0.1,,
830,96,121,3,0.0,,
831,34,161,3,0.4,,
832,175,87,2,0.05,,
833,96,30,3,0.0,,
835,82,30,3,0.1,,
843,123,62,2,0.01,(2010-2011),
845,41,163,1,0.75,,
847,48,163,1,0.05,,
848,78,55,3,0.1,,
850,49,171,2,1.0,,
851,67,22,2,1.0,,
852,49,172,3,0.01,,
853,67,183,1,0.6,,
854,20,17,1,0.0,,
855,133,62,2,0.0,,
856,98,124,2,,,
857,65,24,1,1.0,,
858,140,21,1,0.0,,
859,10,90,1,0.0,,
860,67,184,3,1.0,,
862,141,91,3,0.0,,
863,4,120,1,0.1,,
864,141,22,1,0.1,,
866,99,114,1,0.1,,
867,78,52,3,0.1,,
868,37,60,1,0.0,,
872,60,60,1,0.25,,
873,49,170,1,0.02,,
874,53,44,1,0.2,,
876,65,55,3,0.5,,
881,140,139,2,0.0,,
882,1,40,1,0.0,,
883,78,182,3,0.1,,
886,153,4,1,0.0,,
4646,1022,100939,2,0.05,"Participating in an operational capacity, in-kind boat crew and professional development opportunity to upskill.",
772,80,10,2,0.05,,
797,80,108,2,0.2,,
819,80,22,2,0.05,,
824,80,97,3,0.5,,
790,94,99,2,0.05,,
781,94,64,2,0.05,,
742,80,29,2,0.05,"Terrestrial fauna",
849,120,99,1,0.05,,
889,110,46,2,0.1,,
890,65,52,3,0.5,,
894,60,212,3,0.4,,
818,109,105,3,0.1,,
897,65,182,3,0.5,,
899,52,12,1,0.01,,
900,50,170,1,0.02,,
903,70,121,1,0.5,,
906,79,66,2,0.1,,
907,79,30,1,0.2,,
910,133,129,2,0.0,,
911,65,113,2,0.01,PhD Supervising Panel,
912,122,89,1,0.0,,
913,122,189,2,0.0,,
914,122,190,2,0.0,,
915,122,191,2,0.0,,
916,181,110,1,0.15,,
918,100,17,1,0.0,,
919,23,17,1,0.0,,
920,9,17,1,0.0,,
921,6,42,1,0.75,,
926,12,30,1,0.0,,
927,140,178,2,0.0,,
928,122,192,3,0.0,,
929,122,193,3,0.0,,
930,122,194,3,0.0,,
931,122,195,3,0.0,,
934,140,132,3,0.0,,
937,107,22,1,0.1,,
940,19,158,1,0.0,,
941,16,158,1,0.1,,
942,17,158,1,0.05,,
946,67,185,3,1.0,,
947,67,186,3,1.0,,
948,110,54,3,0.5,,
949,78,212,3,0.5,,
950,190,112,1,0.0,,
951,115,226,1,0.6,,
952,79,179,2,0.02,,
953,133,156,2,0.0,,
956,68,12,2,0.05,,
957,68,187,3,0.3,,
963,78,119,1,0.5,,
964,41,164,3,1.0,,
968,367,252,1,1.0,,
978,370,22,1,0.1,,
980,148,21,1,0.1,,
981,251,145,2,0.0,,
4654,985,100800,8,0.0,,
986,282,156,2,0.1,,
990,258,172,7,1.0,,
994,370,91,3,0.1,,
4655,979,101037,7,100.0,,
1001,248,88,1,0.0,,
1004,246,11,1,0.0,,
1005,177,62,2,0.2,,
1008,268,68,2,0.0,,
1010,273,6,2,0.0,,
1012,278,25,1,0.0,,
1013,278,150,2,0.0,,
1014,279,114,2,0.0,,
1015,279,97,3,0.0,,
1016,279,111,2,0.0,,
1017,281,156,2,0.0,,
1019,283,68,2,0.0,,
1020,286,227,2,0.0,,
1021,286,208,2,0.0,,
1023,290,6,2,0.0,,
1035,361,93,2,0.0,,
1036,361,108,2,0.0,,
1037,361,29,2,0.0,,
871,187,29,2,0.1,,
4174,865,91,3,0.05,,
836,86,30,3,0.5,,
4377,971,100937,3,1.0,,
1039,301,156,2,0.0,,
1040,304,115,3,0.0,,
1041,306,145,2,0.0,,
1042,307,107,2,0.0,,
1046,313,120,2,0.0,,
4001,906,100561,8,0.1,,
1048,317,26,3,0.0,,
1049,318,26,3,0.0,,
1050,319,26,3,0.0,,
1052,322,55,3,0.0,,
1053,322,98,3,0.0,,
1054,326,103,3,0.0,,
1056,327,91,3,0.0,,
1057,328,120,2,0.0,,
1059,328,137,3,0.0,,
901,80,114,2,0.05,,
944,145,93,1,0.4,"0.1 - 0.4",
973,365,114,1,0.1,,
3394,758,100644,6,0.0,,
1030,297,77,3,0.5,,
1034,297,143,3,0.5,,
1025,293,137,2,0.0,,
1006,26,102,2,0.0,,
3398,787,100518,1,0.1,,
1044,310,109,3,-1.0,,
1038,361,120,8,0.0,,
1026,294,261,8,0.0,,
1027,294,262,4,0.0,,
974,365,10,1,0.1,,
3418,788,100561,6,0.1,,
1060,328,108,2,0.0,,
1061,328,64,2,0.0,,
1062,328,60,2,0.0,,
4431,883,100966,3,0.6,,538
4650,1023,101031,8,0.5,,
1071,340,34,2,0.0,,
1075,344,27,2,0.0,,
1076,344,145,2,0.0,,
1077,344,107,2,0.0,,
1078,344,88,2,0.0,,
1079,344,156,2,0.0,,
1080,351,59,3,0.0,,
1081,356,263,3,0.0,,
1083,358,52,3,0.0,,
1084,358,55,3,0.0,,
1085,358,98,3,0.0,,
1087,362,86,2,0.0,,
1088,362,82,2,0.0,,
1119,188,294,2,0.0,,
1120,188,295,2,0.0,,
1121,34,289,2,0.0,,
1122,70,296,9,0.0,,
1127,108,270,2,0.0,,
1130,133,300,2,0.0,,
1131,133,301,2,0.0,,
1132,133,302,2,0.0,,
1133,133,303,2,0.0,,
1134,133,304,2,0.0,,
1135,133,305,2,0.0,,
1136,133,306,2,0.0,,
1140,198,55,3,0.0,,
1142,198,98,3,0.0,,
3471,795,100663,6,0.1,,
1149,299,120,1,0.2,,
1150,299,93,1,0.1,,
1151,299,29,2,0.1,,
1152,299,108,2,0.1,,
1160,145,29,2,0.1,,
1162,394,99,2,0.0,,
1164,394,22,2,0.0,,
1165,394,93,2,0.0,,
1170,394,114,2,0.0,,
1174,403,22,2,0.0,,
1181,406,10,2,0.0,,
1182,406,251,2,0.0,,
1183,406,99,2,0.0,,
1184,407,224,2,0.0,,
1185,407,211,3,0.0,,
1186,409,114,2,0.0,,
1188,407,126,3,0.0,,
1189,398,22,2,0.0,,
1199,278,10,2,0.0,,
1200,279,10,2,0.0,,
1201,394,91,3,0.0,,
1202,394,97,3,0.0,,
1203,303,10,2,0.0,,
1205,308,10,2,0.0,,
1207,332,10,2,0.0,,
1209,409,97,3,0.0,,
1210,362,10,2,0.0,,
1216,147,38,3,0.0,,
1217,146,38,3,0.0,,
1224,432,29,1,0.0,,
1225,431,142,1,0.05,,
1226,430,90,1,0.0,,
1227,429,24,1,0.0,,
1228,428,24,1,0.0,,
1229,427,24,1,0.0,,
1230,426,24,1,0.0,,
1231,425,110,1,0.0,,
1233,423,46,1,0.0,,
938,145,99,1,0.8,0.1 - 0.4,
1011,273,102,2,0.0,,
4168,926,100864,6,0.0,,
3473,811,100664,7,1.0,,
3445,807,100517,1,0.1,,
1234,422,131,1,0.0,,
1235,421,67,1,0.0,,
1236,420,67,1,0.0,,
1167,399,99,1,0.0,,
1238,418,119,1,0.0,,
1193,393,25,2,1.0,,
1208,332,21,8,0.0,,
4175,863,100451,2,0.25,,
1196,274,10,1,0.0,,
1166,393,108,1,0.0,,
1070,334,251,1,1.0,,
1197,389,10,2,0.1,,
1175,404,60,2,0.1,,
1237,419,12,1,0.1,,
1190,405,12,2,0.05,,
1180,400,251,1,1.0,,
1156,385,29,1,0.1,,
1239,417,155,1,0.0,,
4178,927,100837,2,0.05,,
4182,927,91,3,0.1,,
4402,865,100873,3,0.0,,
4410,731,100950,9,0.0,,
4416,960,100955,8,0.05,,
4427,974,30,3,0.05,,
1241,415,78,1,0.0,,
1242,414,158,1,0.0,,
1243,413,89,1,0.0,,
1246,410,11,1,0.0,,
1247,409,10,1,0.0,,
1248,408,10,1,0.0,,
1249,407,10,1,0.0,,
1250,406,12,1,0.0,,
1253,403,10,1,0.0,,
1255,401,10,1,0.0,,
1258,398,10,1,0.0,,
1259,397,10,1,0.0,,
1260,396,10,1,0.0,,
1262,394,10,1,0.0,,
4432,974,100969,2,0.05,,
1268,388,10,1,0.0,,
1270,386,10,1,0.0,,
1272,384,110,1,0.0,,
1273,383,24,1,0.0,,
1274,382,24,1,0.0,,
1275,381,4,1,0.0,,
1276,380,24,1,0.0,,
1277,379,24,1,0.0,,
1278,378,86,1,0.0,,
1280,376,22,1,0.0,,
1281,375,6,1,0.0,,
1282,374,6,1,0.0,,
1283,373,156,1,0.0,,
1284,372,145,1,0.01,,
1285,371,47,1,0.0,,
1288,367,6,1,0.0,,
1292,362,139,1,0.0,,
1293,361,22,1,0.0,,
4167,926,100107,6,0.0,,
1295,359,93,1,0.0,,
1296,358,24,1,0.0,,
1297,357,121,1,0.0,,
1298,356,112,1,0.0,,
1299,355,17,1,0.0,,
1300,354,45,1,0.0,,
1301,353,99,1,0.0,,
1302,352,38,1,0.0,,
1303,351,22,1,0.0,,
1304,350,99,1,0.0,,
1305,349,99,1,0.0,,
1306,348,142,1,0.0,,
1307,347,46,1,0.0,,
1309,345,151,1,0.0,,
1310,344,89,1,0.0,,
1311,343,89,1,0.0,,
1312,342,10,1,0.0,,
1314,340,11,1,0.0,,
1317,337,38,1,0.0,,
1318,336,12,1,0.0,,
1319,335,131,1,0.0,,
1321,333,10,1,0.0,,
1322,332,139,1,0.0,,
1323,331,6,1,0.0,,
1325,329,112,1,0.0,,
1326,328,93,1,0.0,,
1327,327,22,1,0.0,,
1328,326,22,1,0.0,,
1329,325,156,1,0.0,,
1331,323,110,1,0.0,,
1332,322,24,1,0.0,,
1333,321,78,1,0.0,,
1334,320,46,1,0.0,,
1335,319,73,1,0.0,,
1336,318,73,1,0.0,,
1337,317,73,1,0.0,,
1338,316,38,1,0.0,,
4176,863,100641,2,0.1,,
1340,314,38,1,0.0,,
1341,313,93,1,0.0,,
1342,312,151,1,0.0,,
1343,311,38,1,0.0,,
1346,308,57,1,0.0,,
1347,307,27,1,0.0,,
1348,306,27,1,0.0,,
1349,305,57,1,0.0,,
1350,304,57,1,0.0,,
1351,303,111,1,0.0,,
1353,301,145,1,0.0,,
1355,299,22,1,0.0,,
1356,298,38,1,0.0,,
1358,296,142,1,0.0,,
1360,294,113,1,0.0,,
1361,293,12,1,0.0,,
1363,291,112,1,0.0,,
1364,290,86,1,0.0,,
1367,287,92,1,0.0,,
1368,286,93,1,0.0,,
1369,285,68,1,0.0,,
3399,787,268,6,0.05,,
1371,283,145,1,0.0,,
1372,282,145,1,0.0,,
1373,281,145,1,0.0,,
1374,280,78,1,0.0,,
1375,279,99,1,0.0,,
1376,278,99,1,0.0,,
1377,277,155,1,0.0,,
1378,276,145,1,0.0,,
1379,275,21,1,0.0,,
1381,273,11,1,0.0,,
1382,272,60,1,0.0,,
1344,310,57,1,0.5,,
4433,975,100541,2,0.25,,
1254,402,12,2,0.1,,
1290,364,142,1,0.1,,
4212,936,100472,1,0.8,Biodiversity Knowledge Team Leader,
1264,392,60,1,0.4,,
4435,754,100730,3,0.05,,
4372,970,100911,1,1.0,,
1316,338,158,1,0.4,,
1320,334,12,2,0.1,,
1366,288,12,2,0.1,,
1279,377,22,1,0.05,,
4374,971,100911,1,1.0,,
1251,405,10,1,0.05,,
4436,976,93,1,0.1,,
1261,395,10,1,0.0,,
1263,393,10,2,0.0,,
1384,270,8,1,0.0,,
1385,269,8,1,0.0,,
1386,268,145,1,0.0,,
1387,267,145,1,0.0,,
1388,266,145,1,0.0,,
1389,265,142,1,0.0,,
1390,264,142,1,0.0,,
1391,263,24,1,0.0,,
1392,262,24,1,0.0,,
1393,261,24,1,0.0,,
1394,260,24,1,0.0,,
4816,1050,100151,1,0.1,,
1245,411,40,8,0.5,,
1395,259,24,1,0.0,,
1396,258,10,1,0.0,,
1397,257,110,1,0.0,,
1398,256,11,1,0.0,,
1400,254,12,1,0.0,,
1401,253,102,1,0.0,,
1403,251,27,1,0.0,,
1404,250,27,1,0.0,,
1405,249,158,1,0.0,,
1406,248,89,1,0.0,,
1407,247,151,1,0.0,,
1408,246,6,1,0.0,,
1409,245,6,1,0.0,,
1410,244,29,1,0.0,,
1411,243,57,1,0.0,,
1412,242,57,1,0.0,,
1413,241,57,1,0.0,,
1414,240,57,1,0.0,,
1415,239,57,1,0.0,,
1416,238,57,1,0.0,,
1417,237,66,1,0.0,,
1427,190,112,1,0.0,,
1428,189,67,1,0.0,,
1435,182,8,1,0.0,,
1436,181,110,1,0.0,,
1437,180,142,1,0.0,,
1438,179,89,1,0.0,,
1443,174,89,1,0.0,,
1444,173,54,1,0.0,,
1445,172,90,1,0.0,,
1446,171,90,1,0.0,,
1452,165,123,1,0.0,,
1454,163,116,1,0.0,,
1455,162,189,1,0.0,,
1460,157,87,1,0.0,,
1465,152,4,1,0.0,,
4169,926,100863,7,0.0,,
1469,148,21,1,0.0,,
1472,236,10,1,0.0,,
1473,235,17,1,0.0,,
1478,141,22,1,0.0,,
1479,140,21,1,0.0,,
1481,138,21,1,0.0,,
1485,134,4,1,0.0,,
1486,133,145,1,0.0,,
1488,131,118,1,0.0,,
1490,129,124,1,0.0,,
1494,234,1,1,0.0,,
1496,124,145,1,0.0,,
1498,122,89,1,0.0,,
1505,115,226,1,0.0,,
1506,114,145,1,0.0,,
1507,113,30,1,0.0,,
1510,110,50,1,0.0,,
1513,107,22,1,0.0,,
1516,233,10,1,0.0,,
1517,232,24,1,0.0,,
1518,104,7,1,0.0,,
1520,102,110,1,0.0,,
1522,100,17,1,0.0,,
1524,98,114,1,0.0,,
1525,97,57,1,0.0,,
1526,96,215,1,0.0,,
1529,93,88,1,0.0,,
1530,92,12,1,0.0,,
1533,89,200,1,0.0,,
1538,84,63,1,0.0,,
1539,83,44,1,0.0,,
1543,79,30,1,0.0,,
1544,78,119,1,0.0,,
1545,77,173,1,0.0,,
1546,76,173,1,0.0,,
1548,74,188,1,0.0,,
1549,73,163,1,0.0,,
1553,69,116,1,0.0,,
1554,68,12,1,0.0,,
1555,67,22,1,0.0,,
1556,66,120,1,0.0,,
1557,65,24,1,0.0,,
1561,61,17,1,0.0,,
1562,60,60,1,0.0,,
1564,58,173,1,0.0,,
1565,57,173,1,0.0,,
1566,56,173,1,0.0,,
1568,54,119,1,0.0,,
1569,53,44,1,0.0,,
1570,52,12,1,0.0,,
1571,51,170,1,0.0,,
1572,50,170,1,0.0,,
1573,49,170,1,0.0,,
1574,48,163,1,0.0,,
1575,47,114,1,0.0,,
1576,46,38,1,0.0,,
1577,45,113,1,0.0,,
1578,44,113,1,0.0,,
1581,41,163,1,0.0,,
1582,40,90,1,0.0,,
1585,37,60,1,0.0,,
1589,33,131,1,0.0,,
1590,32,38,1,0.0,,
1592,30,9,1,0.0,,
1594,28,9,1,0.0,,
1595,27,38,1,0.0,,
1528,94,93,1,0.1,,
4002,906,100560,8,0.1,,
4647,1022,307,2,0.005,Participating in an advisory capacity.,
1580,42,165,1,0.0,,
1399,255,12,1,0.05,,
4656,979,101038,6,0.0,,
1499,121,100,1,0.05,,
1598,25,131,1,0.0,,
1459,158,87,1,0.2,,
1600,231,110,1,0.0,,
1601,23,17,1,0.0,,
1603,21,158,1,0.0,,
1604,230,131,1,0.0,,
1605,20,17,1,0.0,,
1606,229,110,1,0.0,,
1607,19,158,1,0.0,,
1608,18,60,1,0.0,,
1609,228,66,1,0.0,,
1610,17,158,1,0.0,,
1611,227,1,1,0.0,,
1612,16,158,1,0.0,,
1613,226,1,1,0.0,,
1614,225,1,1,0.0,,
1615,2,24,1,0.0,,
1616,223,110,1,0.0,,
1617,15,17,1,0.0,,
1618,14,17,1,0.0,,
1620,221,113,1,0.0,,
1621,13,113,1,0.0,,
1622,12,30,1,0.0,,
1623,11,90,1,0.0,,
1624,10,90,1,0.0,,
1625,9,17,1,0.0,,
1626,8,46,1,0.0,,
1628,6,42,1,0.0,,
1630,4,120,1,0.0,,
1632,224,24,1,0.0,,
1633,1,40,1,0.0,,
1634,220,44,1,0.0,,
1635,219,76,1,0.0,,
1636,218,17,1,0.0,,
1637,217,76,1,0.0,,
1638,216,76,1,0.0,,
1639,215,10,1,0.0,,
1640,214,10,1,0.0,,
1641,213,10,1,0.0,,
1642,212,10,1,0.0,,
1643,211,17,1,0.0,,
1644,210,10,1,0.0,,
1645,209,10,1,0.0,,
1646,208,1,1,0.0,,
1647,207,10,1,0.0,,
1648,206,76,1,0.0,,
1649,205,76,1,0.0,,
1650,204,90,1,0.0,,
1651,203,90,1,0.0,,
1652,202,90,1,0.0,,
1653,201,90,1,0.0,,
1654,200,90,1,0.0,,
1655,199,17,1,0.0,,
1662,436,129,1,0.9,,
1670,439,145,1,0.0,,
1672,439,100004,7,1.0,,
1673,439,100006,6,0.0,,
1674,251,100007,7,0.0,,
1676,250,100008,6,0.0,,
1677,250,100009,7,0.0,,
1678,372,100010,7,1.0,,
1679,372,100011,6,0.0,,
4003,906,100525,2,0.1,,
1689,442,24,1,0.0,,
1692,443,24,1,0.0,,
1693,444,24,1,0.0,,
1694,445,24,1,0.0,,
4645,1022,87,2,0.005,Participating in an advisory capacity,
1701,446,100026,7,0.0,,
1702,446,100027,6,0.0,,
1704,348,100027,8,0.2,,
1707,265,100020,7,0.0,,
1708,265,100021,6,0.0,,
1709,265,100023,6,0.0,,
1710,265,100025,6,0.0,,
4043,913,100823,8,0.01,,
1713,348,100029,8,0.0,,
1714,348,100025,8,0.0,,
1716,264,100030,7,0.0,,
1717,264,100031,6,0.0,,
1725,431,100019,7,1.0,,
1726,431,100021,6,0.05,,
1729,269,34,7,0.0,,
1730,269,100033,6,0.0,,
1733,237,100034,6,0.0,,
1735,242,100036,6,0.0,,
1736,241,100035,6,0.0,,
1737,243,100035,6,0.0,,
1738,237,121,7,0.0,,
1739,242,100038,7,0.0,,
1740,241,100039,7,0.0,,
1741,243,100040,7,0.0,,
1742,238,100041,7,0.0,,
1743,238,100042,6,0.0,,
1746,240,100044,7,0.0,,
1747,240,100035,6,0.0,,
1748,245,100045,7,0.0,,
1749,245,100046,6,0.0,,
1750,245,100047,6,0.0,,
1751,246,100048,7,0.0,,
1752,246,100049,6,0.0,,
1687,85,100014,8,0.0,,
1619,222,70,1,0.0,This project has been superceeded,
1703,446,100028,6,0.05,,
1664,437,62,1,0.05,,
3400,786,100518,1,0.1,,
1667,26,6,1,0.0,,
4056,890,100805,2,0.0,,
4378,970,100936,3,1.0,,
4049,154,100830,3,0.4,,
4818,925,101108,3,1.0,,
1753,256,100050,7,0.0,,
1754,256,123,6,0.0,,
1756,256,100052,6,0.0,,
1757,256,106,6,0.0,,
1760,357,264,3,0.0,,
1761,436,145,1,0.05,,
1763,97,115,9,0.0,,
1764,97,109,3,0.0,,
1769,247,100062,7,0.0,,
1770,247,100063,6,0.0,,
1771,413,100064,7,0.0,,
1772,413,100065,6,0.0,,
1773,414,100066,7,0.0,,
1774,414,100067,6,0.0,,
1775,249,100068,7,0.0,,
1776,249,100069,6,0.0,,
1777,371,100070,7,0.0,,
1661,435,57,1,0.25,,
1778,371,100061,6,0.0,,
1779,415,100071,7,0.0,,
1780,415,78,6,0.0,,
1785,251,100008,6,0.0,,
1786,417,100075,7,0.0,,
1787,417,100076,6,0.0,,
1788,252,100077,7,0.0,,
1789,252,100078,6,0.0,,
1790,252,100079,6,0.0,,
1791,252,100080,6,0.0,,
1794,254,80,7,0.0,,
1798,376,100084,7,0.0,,
1799,376,100085,6,0.0,,
1800,377,100086,7,0.0,,
1801,377,100082,6,0.0,,
1802,420,100087,7,0.0,,
1803,420,266,6,0.0,,
1806,422,100091,7,0.0,,
1807,422,100092,6,0.0,,
1808,422,100093,6,0.0,,
1809,423,100094,7,0.0,,
1810,423,100093,6,0.0,,
1813,425,100097,7,0.0,,
1814,425,100093,6,0.0,,
4180,928,60,1,0.2,,
4032,912,100826,7,1.0,,
4183,927,100835,2,0.0,,
4187,931,100060,6,0.1,,
1815,257,100098,7,0.0,,
1816,257,100093,6,0.0,,
1817,257,100092,6,0.0,,
1818,258,100099,6,0.0,,
1819,258,266,6,0.0,,
1820,258,270,6,0.0,,
1821,382,100100,7,0.0,,
1822,382,100101,6,0.0,,
1823,261,100102,7,0.0,,
1824,261,100101,6,0.0,,
1825,263,100103,7,0.0,,
1826,263,100035,6,0.0,,
1827,380,100104,7,0.0,,
1828,380,100105,6,0.0,,
1829,380,100106,6,0.0,,
1830,380,100107,6,0.0,,
1831,380,100108,6,0.0,,
1832,259,100109,7,0.0,,
1833,259,100110,6,0.0,,
1834,444,100111,7,0.0,,
1835,262,100112,7,0.0,,
1836,262,100101,6,0.0,,
1837,262,100113,6,0.0,,
1839,260,100115,7,0.0,,
1840,260,100101,6,0.0,,
1841,260,100116,6,0.0,,
1842,427,100117,7,0.0,,
1843,427,100118,6,0.0,,
1844,429,100119,7,0.0,,
1845,429,100120,6,0.0,,
1846,429,100121,6,0.0,,
1847,443,100122,7,0.0,,
1848,426,100123,7,0.0,,
1849,426,100118,6,0.0,,
1851,445,100124,7,0.0,,
1852,445,100125,6,0.0,,
4284,950,100903,2,0.4,,
1854,442,100127,7,0.0,,
1855,430,100128,7,0.0,,
1856,430,100129,6,0.0,,
4658,978,101039,7,-5.0,,
1859,446,142,1,0.0,,
1860,270,100131,7,0.0,,
1861,270,100132,6,0.0,,
1871,386,12,2,0.0,,
1872,386,93,2,0.0,,
1878,383,100137,7,0.0,,
1879,379,100138,7,0.0,,
1880,254,100101,6,0.0,,
1883,266,100142,7,0.0,,
1884,266,100143,6,0.0,,
1886,267,100141,6,0.0,,
1887,443,100101,6,0.0,,
4342,940,100641,1,0.2,,
1889,444,100101,6,0.0,,
1890,442,100101,6,0.0,,
1891,379,100101,6,0.0,,
1892,383,100101,6,0.0,,
1893,443,100147,6,0.0,,
1894,444,100147,6,0.0,,
1895,442,100147,6,0.0,,
1899,451,139,1,0.0,,
1900,451,21,1,0.0,,
1901,451,6,1,0.0,,
1902,451,100133,6,0.0,,
1903,451,100148,7,0.0,,
1912,452,307,1,0.1,,
1865,365,97,3,0.1,Temporary field technical officer,
1805,421,100090,6,0.1,,
1875,449,113,1,0.1,,
1876,449,12,1,0.1,DPaW supervisor,
1804,421,100089,7,1.0,,
1882,449,100140,6,0.1,,
1796,419,83,7,1.0,,
1797,419,100035,6,0.2,,
1792,255,100081,7,1.0,PhD submitted March 2016,
1793,255,100035,6,0.1,,
4184,927,100873,3,0.0,,
1917,455,47,1,0.0,,
3401,786,268,6,0.05,,
4188,931,100875,7,1.0,,
1922,457,6,1,0.0,,
1938,292,17,1,0.0,,
1942,462,22,2,0.1,,
991,80,93,1,0.05,,
1927,458,100155,1,0.2,,
1928,458,100057,2,0.5,,
1929,458,100157,3,0.4,,
1930,458,100156,3,0.2,,
1925,460,22,1,0.1,,
1932,460,91,3,0.1,,
1998,471,21,1,0.0,,
4246,949,22,1,0.0,,
1940,462,108,2,0.1,,
3474,811,100663,6,0.1,,
1947,463,145,1,0.0,,
1945,155,100163,3,0.4,,
1950,464,145,1,0.0,,
1951,464,62,1,0.0,,
1952,464,100164,7,1.0,,
1953,169,100016,2,0.1,,
3632,837,100398,6,0.05,,
1972,351,91,3,0.0,,
1962,466,145,1,0.0,,
1965,466,100168,7,0.0,,
1966,467,24,1,0.0,,
1968,468,24,1,0.0,,
1969,468,100170,7,1.0,,
646,36,32,1,1.0,,
1931,459,100151,1,0.4,,
1967,467,100169,7,0.5,"Adrian Barrett, Murdoch University",
2002,474,24,1,0.0,,
4819,1050,101106,8,0.5,,
1983,465,100179,6,0.0,,
1984,465,100180,6,0.0,,
439,197,17,2,0.05,,
1935,462,73,1,0.3,,
1936,462,26,3,0.7,,
1937,462,161,3,0.4,,
1987,469,51,1,0.4,,
2006,463,100164,7,1.0,,
2007,463,100141,6,0.0,,
2009,416,100072,7,0.0,,
2010,474,100170,7,0.0,,
2011,416,106,6,0.0,,
2012,416,100073,6,0.0,,
4295,961,100903,2,0.8,,
4350,964,100928,6,0.0,,
1906,170,156,1,0.2,,
4358,969,100899,7,1.0,,
4363,969,100901,8,0.1,,
4736,1037,100545,2,1.0,,540
2004,474,100184,6,0.0,,
2005,474,100185,6,0.0,,
2013,470,266,6,0.0,,
1995,470,11,1,0.0,,
1964,466,100167,6,0.0,,
2014,470,100186,7,0.0,,
2000,470,82,2,0.0,,
1963,466,100006,6,0.0,,
1948,463,62,2,0.0,,
4434,975,100377,1,0.1,,
2033,477,22,1,0.1,,
2038,402,80,1,1.0,,
2040,402,85,3,1.0,,
2042,334,254,3,1.0,,
2043,288,80,1,1.0,,
2044,288,85,3,1.0,,
2039,400,254,3,1.0,,
4185,927,100874,3,0.0,,
2046,479,158,1,0.2,,
2048,481,158,1,0.0,,
4189,931,100876,6,0.1,,
4247,949,100892,8,0.0,,
2073,144,100053,2,0.2,,
2047,480,158,1,0.2,,
2050,482,149,3,1.0,,
4659,978,101040,6,0.0,,
4813,858,101102,8,0.05,AIMS collaborator,
2057,485,6,1,0.0,,
2134,310,100038,2,-1.0,,
2135,310,100174,3,1.0,,
2155,510,142,1,0.05,,
2136,310,115,3,0.5,,
2068,490,100151,1,0.2,,
2071,491,100141,6,0.1,,
2049,482,158,1,0.4,,
2016,187,77,3,0.05,,
4285,958,100905,7,0.5,,
2095,495,11,1,0.0,,
2162,510,100226,7,1.0,,
4665,125,8,8,0.0,,
4296,961,146,3,0.05,,
2085,494,100151,1,0.0,,
2090,492,100213,7,1.0,,
4820,853,100641,2,0.05,,
2122,26,243,2,0.6,,
2097,495,100216,7,1.0,,
2101,496,102,2,0.9,,
2102,343,107,2,1.0,,
2105,497,156,2,0.05,,
2107,497,27,2,0.02,,
2106,497,87,2,0.02,,
2108,497,62,2,0.02,,
2109,497,100141,8,0.1,,
2110,497,100217,8,0.1,,
2111,497,100218,8,0.1,,
2113,498,100217,6,0.02,,
2114,498,100141,6,0.02,,
2115,498,100219,7,0.8,,
2120,437,107,2,0.0,,
2123,164,243,2,0.2,,
2121,437,27,2,0.0,,
2126,500,6,1,0.1,,
2154,509,142,1,0.05,,
4298,962,100464,1,0.01,,531
2166,507,142,1,0.05,,
2127,500,102,2,0.9,,
2124,169,27,2,0.0,,
2131,150,78,2,0.1,,
2132,310,100173,3,1.0,,
2176,512,67,1,0.05,,
2142,157,27,2,0.0,,
2148,506,57,1,0.0,,
3475,811,100580,6,0.2,,
3500,815,292,2,0.0,,
3505,813,100669,8,0.2,,
2149,506,100223,7,0.0,,
2151,506,100035,6,0.0,,
2165,510,100230,6,0.05,,
2153,508,142,6,0.05,,
2161,509,100029,4,0.05,,
2157,509,100027,6,0.05,,
1976,435,100038,2,0.33,,
1978,435,100173,3,0.33,,
1979,435,100174,3,0.33,,
1980,435,100175,3,0.33,,
1981,435,109,3,0.33,,
2138,435,115,3,0.25,,
2032,475,145,2,0.01,,
4737,1038,100749,1,0.0,,
2159,509,100028,6,0.05,,
2168,507,100232,6,0.05,,
2169,507,100234,6,0.05,,
2170,507,100235,6,0.05,,
2185,515,241,2,0.5,Genetics management,
1345,309,6,1,0.0,,
1043,309,43,3,0.0,,
2174,382,100113,6,0.1,,
2173,443,100237,6,0.1,,
2177,513,67,1,0.05,,
2179,514,67,1,0.1,,
2180,512,100239,7,1.0,,
2143,503,57,1,0.0,,
2060,487,12,2,0.05,,
2061,487,24,1,0.1,,
2098,496,11,1,0.05,,
2099,496,6,1,0.05,,
2137,308,191,8,-0.3,,
2133,310,100175,8,-1.0,,
2103,281,100167,8,0.0,,
2104,281,100006,8,0.0,,
2100,496,100073,8,0.0,,
2112,498,156,1,0.02,,
2156,509,100225,7,1.0,,
2160,509,100025,6,0.05,,
2080,109,132,3,0.1,,
2086,492,145,1,0.05,,
2325,548,142,1,0.0,,
2326,549,142,1,0.0,,
2332,552,187,3,0.05,,
2182,515,143,3,1.0,,
2183,515,77,3,0.5,,
2017,187,143,3,0.05,,
2329,551,257,2,0.05,,
2055,484,100195,9,0.1,,
2056,484,100196,9,0.1,,
4310,720,100915,8,1.0,,
4311,722,100566,2,0.01,,
4309,36,147,3,0.8,,536
4319,143,100553,2,0.05,,
2077,109,155,2,0.1,,
4343,940,100926,6,0.05,,
2331,552,12,1,0.1,,
4006,908,145,2,0.01,,
2296,472,132,1,0.0,,
2278,537,22,1,0.0,,
2281,537,91,3,0.0,,
2196,517,100245,8,0.08,,
2238,524,137,2,1.0,,
2200,297,56,2,0.5,Matuwa component,
4379,970,100937,3,1.0,,
2202,518,251,1,0.5,,
2283,239,100230,6,0.0,,
4190,932,100065,6,0.01,,
2285,503,100049,6,0.0,,
2242,524,100187,3,1.0,,
4666,991,101043,6,0.0,,
2194,154,100163,3,0.4,,
2216,388,100134,1,0.0,,
2217,289,78,1,0.0,,
2220,520,92,2,0.5,,
2221,520,127,2,0.1,,
2222,520,6,2,0.01,,
4022,615,100121,6,0.1,,
2286,503,100069,6,0.0,,
2197,517,100246,8,0.08,,
2223,404,99,2,0.05,,
2224,401,211,3,0.8,,
2287,449,100139,6,0.0,,
2218,395,100134,8,0.0,,
2288,491,129,1,0.0,,
2215,390,100134,8,0.0,,
2225,522,10,1,0.05,,
2226,522,6,2,0.0,,
2227,330,78,1,0.0,,
2228,521,10,1,0.0,,
2231,511,100178,1,0.0,,
4033,912,156,2,0.01,,
4437,976,100737,6,0.1,,
2234,523,250,1,0.0,,
2235,523,12,2,0.0,,
2236,523,93,2,0.0,,
2245,525,22,1,0.0,,
2246,525,91,3,0.0,,
2247,525,25,2,0.0,,
2248,526,22,1,0.0,,
2249,526,108,2,0.0,,
2250,526,91,3,0.0,,
2251,527,10,1,0.0,,
2252,528,10,1,0.0,,
2255,530,10,1,0.0,,
2256,531,10,1,0.0,,
2257,531,12,2,0.0,,
2258,531,251,2,0.0,,
2259,532,10,1,0.0,,
2261,532,100,2,0.0,,
2262,532,60,2,0.0,,
2263,533,100,1,0.0,,
2264,533,99,2,0.0,,
2265,533,139,2,0.0,,
2266,533,132,3,0.0,,
2267,534,78,1,0.0,,
2268,534,139,2,0.0,,
2270,534,15,3,0.0,,
2323,510,100255,6,0.05,,
2275,517,1,1,0.0,,
2276,536,93,1,0.0,,
2277,536,12,2,0.0,,
2280,537,126,3,0.0,,
2290,465,129,1,0.0,,
2308,530,29,2,0.0,,
2291,465,100165,7,1.0,,
2292,416,64,1,0.0,,
2293,252,17,1,0.0,,
2294,495,100248,6,0.0,,
4044,913,100482,8,0.01,,
3421,798,100652,7,1.0,UWA,
3478,590,100326,6,0.0,,
3479,778,100539,6,0.0,,
2295,471,100249,7,0.0,,
2298,473,100199,7,0.0,,
2300,473,100133,6,0.0,,
2305,539,78,1,0.0,,
2306,530,99,2,0.0,,
2307,530,12,2,0.0,,
2309,530,100,2,0.0,,
2310,530,116,2,0.0,,
2311,532,99,2,0.0,,
2079,109,150,3,0.1,,
2312,540,307,1,0.0,,
2260,532,93,1,0.0,,
2313,540,87,1,0.0,,
2317,544,62,1,0.0,,
2319,546,93,1,0.0,,
2320,262,100227,6,0.0,,
2274,535,100038,3,0.1,,
2324,547,142,1,0.0,,
2302,470,21,1,0.0,,
2303,495,102,1,0.0,,
2203,518,254,3,0.5,,
2301,473,100251,6,0.0,,
2297,472,100250,7,1.0,,
2299,473,10,1,0.0,,
2279,537,108,2,0.0,,
2289,491,100476,7,0.0,,
4055,672,100805,2,0.0,,
2273,535,115,3,0.1,,
2272,535,109,3,0.1,,
2271,535,57,1,0.1,,
2333,553,24,1,0.5,,
2334,553,98,3,0.9,,
2335,553,55,3,0.9,,
2337,485,268,6,0.0,,
2339,556,6,1,0.0,,
2340,556,100053,2,0.0,,
2348,561,80,1,0.1,,
2336,485,100261,7,0.0,,
2350,562,10,1,0.0,,
2351,562,114,2,0.0,,
2352,562,270,8,0.0,,
4448,972,99,2,0.01,,
2354,563,270,8,0.0,,
2355,562,6,2,0.0,,
2356,564,4,1,0.0,,
2357,564,268,8,0.0,,
2358,565,250,1,0.0,,
2359,565,12,2,0.0,,
2360,565,93,2,0.0,,
2198,515,85,3,1.0,,
2330,551,142,2,0.01,,
2282,502,17,1,0.0,,
4830,1052,100540,2,0.5,,
4206,935,100021,6,0.1,,
4248,949,100893,8,0.0,,
2213,154,100166,3,0.2,,
4445,977,100458,5,0.05,,
2361,565,100182,8,0.0,,
2362,565,100181,8,0.0,,
2363,565,100206,8,0.0,,
2364,565,100183,8,0.0,,
2365,566,6,1,0.0,,
2366,566,8,2,0.0,,
2367,566,43,3,0.0,,
2368,566,243,2,0.0,,
2369,566,259,2,0.0,,
2370,566,270,8,0.0,,
2371,566,271,8,0.0,,
2372,566,274,8,0.0,,
2373,566,272,8,0.0,,
2374,566,273,8,0.0,,
2375,567,8,1,0.0,,
2376,567,6,2,0.0,,
2378,567,266,8,0.0,,
2379,567,267,8,0.0,,
2380,567,265,8,0.0,,
2381,567,268,8,0.0,,
2382,567,269,8,0.0,,
2383,568,8,1,0.0,,
2384,568,47,2,0.0,,
2385,568,270,8,0.0,,
2386,568,299,8,0.0,,
2388,528,4,2,0.0,,
2389,471,100133,6,0.0,,
2390,472,266,6,0.0,,
2391,467,100121,6,0.0,,
2393,569,11,1,0.0,,
2394,569,6,2,0.0,,
2395,569,102,2,0.0,,
2396,569,268,8,0.0,,
2387,545,82,1,0.0,,
2398,554,6,1,0.0,,
2443,571,22,1,0.05,,
2392,469,6,2,0.0,,
2399,570,100270,8,0.1,,
2401,570,100271,8,0.1,,
2402,570,142,2,0.05,,
2400,570,100269,8,0.2,,
2446,576,56,1,0.1,,
2405,365,270,8,0.0,,
2406,142,289,8,0.0,,
2414,164,270,8,0.0,,
2415,164,271,8,0.0,,
2416,164,274,8,0.0,,
2417,164,272,8,0.0,,
2418,164,273,8,0.0,,
2419,136,265,8,0.0,,
2420,136,266,8,0.0,,
2421,136,267,8,0.0,,
2422,136,268,8,0.0,,
2423,136,269,8,0.0,,
2424,125,270,8,0.0,,
2425,125,299,8,0.0,,
4814,858,101103,8,0.05,UWA collaborator,
2430,135,268,8,0.0,,
2431,573,60,1,0.1,,
4191,932,100060,6,0.01,,
2435,573,191,9,0.05,regional nature conservation staff ,
2436,482,157,3,0.5,,
2441,576,100209,3,0.1,,
2469,580,100121,6,0.05,,
4007,908,156,1,0.01,,
2439,575,145,1,0.0,,
2465,579,100313,8,0.0,,
2448,577,100303,8,0.0,,
2449,577,100304,8,0.0,,
2450,577,100305,8,0.0,,
2451,577,100306,8,0.0,,
2458,578,87,1,0.25,,
2459,578,307,2,0.25,,
4821,853,100398,8,0.05,,
2463,579,87,1,0.0,,
3422,798,100525,1,0.05,,
2464,579,307,1,0.0,,
2452,515,56,3,1.0,Senior Project Officer,
2468,580,100120,6,0.05,,
2427,71,297,8,0.0,,
2440,575,100295,8,0.0,,
2470,580,100318,7,1.0,,
2475,159,100319,2,0.5,,
4023,909,100456,1,0.05,,
2478,588,67,1,0.1,,
2479,588,100240,7,1.0,,
2314,541,156,1,0.02,,
2482,589,67,1,0.1,,
2486,590,67,1,0.1,,
2488,590,100323,6,0.1,,
2484,589,100323,6,0.1,,
2485,589,100327,6,0.05,,
2490,588,100244,6,0.1,,
2491,587,67,1,0.2,,
2492,587,100322,8,0.2,,
2493,587,100330,8,0.1,,
2494,587,100331,8,0.1,,
2495,514,100323,8,0.1,,
2496,514,100327,8,0.1,,
2497,514,100326,6,0.1,,
2498,421,100243,8,0.1,,
2499,421,100239,7,1.0,,
2500,421,100327,8,0.05,,
2501,591,11,1,0.0,,
2503,591,100333,7,0.0,,
2504,592,6,2,0.1,,
2508,594,6,1,0.0,,
2509,594,11,2,0.0,,
2511,595,6,1,0.0,,
2516,595,100053,2,0.0,,
2514,595,100093,8,0.0,,
2512,595,100336,8,0.0,,
2515,595,100338,8,0.0,,
2525,597,241,1,0.1,,
4034,846,100827,7,1.0,,
2529,599,92,7,0.0,,
4045,913,100832,8,0.5,,
2532,600,127,7,0.0,,
4384,972,191,9,0.0,,
2540,365,6,2,0.05,,
2541,601,100351,6,0.0,,
2542,601,271,6,0.0,,
2545,602,100353,6,0.0,,
2546,602,100354,6,0.0,,
2547,602,100355,6,0.0,,
2534,591,100345,8,0.0,,
2566,578,100313,8,0.0,,
2549,595,100357,8,0.0,,
4198,934,93,2,0.1,,
4197,934,241,1,0.2,,
2550,602,6,1,0.0,,
2551,603,6,1,0.0,,
2554,603,100359,6,0.0,,
2553,603,265,6,0.0,,
2555,603,100360,6,0.0,,
2556,594,100335,8,0.0,,
2557,289,150,3,0.0,,
2558,577,145,1,0.1,,
2559,581,17,1,0.0,,
2561,330,150,3,0.0,,
2562,342,105,3,0.0,,
2563,583,17,1,0.0,,
2564,578,100314,8,0.0,,
2565,578,100312,8,0.0,,
2567,604,10,1,0.0,,
2568,604,100,2,0.0,,
2569,604,93,2,0.0,,
2570,604,99,2,0.0,,
2571,604,60,2,0.0,,
2572,605,6,1,0.0,,
2573,605,10,2,0.0,,
2574,605,251,2,0.0,,
2575,605,83,8,0.0,,
2576,605,108,2,0.0,,
2577,605,25,2,0.0,,
2578,606,10,1,0.0,,
2579,606,100134,8,0.0,,
2580,607,10,1,0.0,,
2581,607,100134,8,0.0,,
2543,601,6,1,0.0,,
2591,239,100043,7,0.0,,
2592,503,191,7,0.0,,
2593,449,100363,7,0.0,,
2594,603,100358,7,0.0,,
2595,602,100364,7,0.0,,
2596,601,100352,7,0.0,,
2597,602,100356,6,0.0,,
2603,599,100348,6,0.0,,
2604,591,100346,6,0.0,,
2605,600,100349,6,0.0,,
2606,600,100348,6,0.0,,
2607,501,100133,6,0.0,,
2630,610,29,1,0.1,,
2612,571,100301,7,0.0,,
2614,513,100240,7,0.0,,
2615,513,100244,6,0.0,,
2617,512,100242,6,0.0,,
2618,512,100241,6,0.0,,
2619,576,100299,7,0.0,,
2620,492,100212,6,0.0,,
2621,492,100211,6,0.0,,
2625,576,100255,6,0.0,,
2627,609,100351,6,0.0,,
2628,609,271,6,0.0,,
2513,595,100337,8,0.0,,
2636,374,252,2,0.0,,
2638,609,100365,7,0.0,,
2639,473,21,6,0.0,,
2467,580,24,1,0.05,,
2526,597,56,2,0.1,,
2524,597,6,1,0.1,,
2645,613,34,1,0.0,,
2560,582,17,1,0.0,,
2474,364,100319,2,0.1,,
3427,799,100517,1,0.1,,
3423,798,100517,1,0.1,,
3501,815,100456,2,0.1,,
2647,613,123,6,0.0,,
2648,613,100395,7,0.0,,
2650,615,100396,7,0.0,,
2651,615,100120,6,0.0,,
2653,616,24,1,0.0,,
2654,616,100397,7,0.0,,
2655,616,100120,6,0.0,,
2656,616,100398,6,0.0,,
2657,589,100326,7,0.0,,
2658,590,100328,7,0.0,,
2659,617,21,8,0.0,,
2660,617,100133,6,0.0,,
2661,617,100400,7,0.0,,
4008,908,100660,2,0.01,,
2662,617,86,1,0.0,,
2665,618,100401,7,0.0,,
2666,618,100402,6,0.0,,
2667,618,100403,6,0.0,,
2668,619,80,1,0.0,,
2669,619,100404,7,0.0,,
2670,619,100405,6,0.0,,
2671,619,100406,6,0.0,,
2672,619,292,6,0.0,,
2644,612,100394,8,0.0,,
2643,612,100393,8,0.0,,
2642,612,100392,8,0.0,,
2673,612,145,1,0.0,,
3518,170,100660,2,0.6,, enter short code
2649,615,24,1,0.1,,
4024,909,100799,7,0.5,,
2677,621,137,1,0.0,,
2678,621,100408,7,0.0,,
2679,621,100323,6,0.0,,
2680,621,100327,6,0.0,,
2681,621,100409,6,0.0,,
2684,622,100217,6,0.0,,
2685,622,100141,6,0.0,,
2739,631,100319,2,0.01,,
2740,631,142,2,0.01,,
2691,624,100021,6,0.0,,
2473,364,257,2,0.1,,
2633,611,100319,2,0.02,,
2690,624,100019,7,0.0,,
2693,624,100412,6,0.0,,
2694,624,100319,1,100.0,,
2696,625,100413,7,0.0,,
2697,625,100417,6,0.0,,
2698,625,100414,6,0.0,,
2699,625,100416,6,0.0,,
2700,626,100054,7,0.0,,
2702,626,100418,6,0.0,,
2631,611,142,1,0.01,,
2623,571,100302,6,0.0,,
4192,932,100660,1,0.05,,
2583,608,251,1,0.0,,
2632,611,257,2,0.0,,
2741,631,257,2,0.01,,
2584,608,254,3,0.0,,
4199,934,6,2,0.05,,
4207,935,292,6,0.05,,
4249,949,100894,8,0.0,,
4815,858,101104,8,0.05,JCU collaborator,
4286,958,100906,6,0.1,,
4438,976,100765,7,1.0,,
4300,929,100859,1,0.0,,
4320,91,100734,2,0.2,,
4009,908,100688,2,0.01,,
4193,932,129,2,0.01,,
2856,668,100459,1,0.05,"Involved in project proposal, management and review of report.",
2709,628,12,1,0.1,,
2708,628,250,1,0.1,,
2716,284,100427,8,0.0,,
2715,284,100426,8,0.0,,
2713,284,100425,8,0.0,,
2721,575,100428,8,0.0,,
2725,597,100432,6,0.1,,
2728,597,100433,7,0.0,,
2729,507,100231,7,0.0,,
2733,629,250,2,1.0,,
2730,628,100421,7,0.0,,
2732,628,100255,6,0.0,,
2755,636,158,1,0.0,,
2854,666,100459,1,0.05,"Developed initial project plan, assisting with lab/field work and reporting.",
2735,629,100209,3,1.0,,
2734,629,12,1,0.1,,
2777,642,257,2,0.05,,
2903,195,146,3,0.2,,
2742,629,113,2,0.25,,
4208,935,24,1,0.05,,
2682,622,100410,7,0.0,,
2935,123,27,1,-5.0,,
2938,687,100451,1,0.05,,
2896,666,100495,6,0.01,Listed at Chief Investigator by UWA for administrative purposes. Does provide some minimal supervision of the project and researching scientist from the UWA side.,
3459,794,100657,7,0.0,,
2907,678,241,1,0.2,,
2908,678,93,2,0.1,,
2909,678,6,2,0.1,,
2771,640,87,1,0.05,,
2753,494,100439,8,0.5,,
2868,675,252,8,1.0,,
2752,494,100438,8,0.02,,
2901,668,100510,8,0.4,,
2902,668,100511,8,0.1,,
2717,284,100295,8,0.0,,
2757,637,241,1,0.1,,
3426,799,100525,1,0.05,,
3402,786,100645,7,1.0,UWA,
3406,789,100648,7,1.0,UWA,
3428,799,100539,6,0.1,,
3424,798,100539,6,0.1,,
3463,807,100658,6,0.05,,
3464,795,100516,1,0.1,,
2760,638,22,1,0.1,,
2761,638,108,2,0.1,,
2762,638,99,2,0.1,,
2764,631,100445,7,0.0,,
2768,639,100276,5,0.1,,
4661,977,100353,6,0.0,,
3407,789,100518,1,0.1,,
2778,642,100412,8,0.05,,
2851,663,100459,1,0.05,,
2786,645,62,1,0.0,Working with universities to improve monitoring and management effectiveness,
3519,820,100418,6,0.1,,
3438,805,100654,7,1.0,,
2759,637,100024,6,0.05,,
2816,653,142,2,0.01,,
2683,622,156,1,0.01,,
2790,648,100463,8,0.3,,
2855,667,100458,1,0.0,,
2780,643,100456,1,0.1,,
4667,970,100964,3,0.0,,
2767,639,57,2,0.1,,
2795,558,100276,1,0.0,,
2796,559,100276,1,0.0,,
2797,560,100276,1,0.0,,
3457,804,100525,1,0.05,,
3403,787,100646,7,1.0,UWA,
2793,24,100056,2,0.4,,
2805,560,100293,3,0.01,,
2806,559,100293,3,0.01,,
2807,558,100293,3,0.1,,
2769,639,99,2,0.1,,
2765,639,158,1,0.1,,
2811,109,229,2,0.05,,
2812,653,100319,1,0.1,,
2817,653,257,2,0.01,,
2813,653,100449,2,0.4,,
2819,170,100465,2,0.2,,
2824,654,100179,6,0.1,,
2825,654,100481,8,0.1,,
2826,654,100141,6,0.1,,
2829,655,100482,8,0.1,,
2830,655,100392,8,0.1,,
2831,655,100483,8,0.05,,
2832,656,156,1,0.05,,
2833,656,100484,8,0.3,,
2834,656,145,2,0.02,,
2835,656,100141,8,0.02,,
2836,656,100485,8,0.02,,
2837,656,100167,8,0.02,,
2838,656,100006,8,0.02,,
2839,656,100481,8,0.02,,
2840,656,100486,8,0.02,,
2841,656,100217,8,0.02,,
4251,950,241,1,0.4,,
2844,543,100256,1,0.1,,
2845,657,100458,1,0.0,,
3452,809,100525,1,0.05,,
3460,794,100516,1,0.1,,
3465,795,100659,7,1.0,,
3466,792,100662,7,1.0,,
4822,1051,100151,1,0.8,,
2879,662,100500,8,0.0,,
2886,672,100458,2,0.0,,
4255,953,137,1,0.05,,
4262,954,100776,1,0.0,,
2779,642,142,2,0.01,,
4274,524,93,1,0.05,,
4287,958,100317,1,0.1,,535NBLS
4261,929,100807,1,0.0,,
4714,1033,101079,8,0.01,,
2821,475,100476,1,0.025,,
4321,26,100352,2,0.4,,
4301,964,100807,1,0.0,,
719,36,35,3,0.4,,
4330,967,250,1,0.1,,
4344,966,145,2,0.05,,
4351,964,100929,7,0.0,,
2890,676,156,2,0.01,,
2914,679,100398,8,0.0,,
2917,679,100514,8,0.0,,
2921,569,100518,2,0.0,,
2922,663,100494,6,0.1,,
2923,663,100519,6,0.05,,
2924,663,100520,6,0.05,,
2918,680,100457,1,0.0,,
4194,933,100878,7,1.0,,
2900,668,100509,8,0.5,,
2895,666,100505,8,0.4,Primary researcher,
4010,908,100464,2,0.01,,
2785,645,100065,8,0.0,,
2859,662,100491,8,0.0,,
2850,662,100458,1,0.0,,
2878,662,100499,8,0.0,,
2848,661,100458,1,0.0,,
2880,661,100495,8,0.0,,
2882,661,100501,8,0.0,,
2881,661,100498,8,0.0,,
2885,657,100233,8,0.0,,
2876,664,100495,8,0.0,,
2852,664,100458,1,0.0,,
2869,675,6,2,0.1,,
2828,655,156,1,0.01,,
2784,645,100460,8,0.0,,
2758,637,6,1,0.05,,
2925,663,100521,7,0.9,PhD student. Her project delivers the outcomes required by DBCA and then extends beyond these.,
2926,685,100462,1,0.0,,
2927,685,100457,1,0.0,,
2928,685,100518,1,0.0,,
2929,683,100516,1,0.0,,
2934,684,100450,1,0.0,,
2939,688,100525,1,0.1,,
2943,689,67,1,0.05,,
3408,789,100525,1,0.1,,
2946,663,100526,4,0.01,,
3520,820,100682,6,0.1,,
2942,689,100133,6,0.05,,
3439,805,100525,1,0.05,,
2936,686,100456,1,0.1,,
2847,659,100455,8,0.05,,526
2988,700,100488,2,0.8,Ecologist,
4823,1051,101110,8,0.2,,
4662,977,100682,6,0.0,,
2789,648,307,2,0.2,,
2867,476,137,1,1.0,,
2877,664,100498,8,0.0,,
4209,935,100879,7,100.0,,
3458,803,100525,1,0.1,,
3507,816,145,1,0.15,,
2718,369,100167,8,0.0,,
4213,936,100749,9,0.0,Program Leader,
2973,697,100448,1,0.0,,
2975,681,100525,2,0.2,,
2976,685,100525,1,0.0,,
2982,695,100533,3,0.6,,
2916,679,100457,1,0.1,,
3453,809,100537,6,0.1,,
2719,369,100006,8,0.0,,
2720,369,100394,8,0.0,,
2965,693,100448,1,0.1,,
2986,698,100456,2,0.05,,
2971,696,100448,1,0.0,,
3482,778,100592,6,0.0,,
2940,685,100522,2,0.0,,
2985,698,100448,1,0.0,,
2989,699,100451,1,0.05,,
2984,685,100540,2,0.0,,
1933,461,100151,1,0.2,,
3467,792,100580,6,0.2,,
2993,698,100541,2,0.2,,
2994,696,100541,2,0.05,,
2995,693,100541,2,0.1,,
4668,970,101042,3,0.0,,
3510,816,100167,8,0.1,,
2966,694,100523,2,0.6,,
3516,816,100677,8,0.1,,
4831,1052,101112,8,0.05,,
4252,951,100437,2,0.1,,
3485,771,100451,2,0.05,,528
3451,809,100656,7,1.0,,
500,150,148,3,0.7,,
4839,1053,100525,1,0.05,,
4843,1054,101052,2,0.3,,
4256,953,100456,1,0.05,,RSP528
4365,366,93,2,0.05,,
4263,954,100859,1,0.0,,
3007,703,100340,8,0.2,,
3006,703,100511,8,0.2,,
3008,704,268,8,0.2,,
3009,170,100437,2,0.4,,
3010,615,100546,6,0.1,,
3495,815,100317,1,0.1,,
2949,675,100528,8,0.0,,
2951,675,100529,8,0.0,,
2950,675,100134,8,0.0,,
2980,685,100538,6,0.0,,
2977,681,100537,8,0.1,,
2820,170,100464,2,0.6,,
3035,709,100448,1,0.1,,
3042,710,100550,1,0.5,,
4275,297,93,1,0.05,,
3409,789,100561,6,0.1,,
3440,806,100654,7,1.0,,
3012,701,100545,3,0.6,,
3454,809,100517,1,0.1,,
3013,705,155,1,0.05,"Terry Macfarlane is listed as Principal Investigator on this ABRS grant, and has a mainly supervisory role.",
3015,705,100543,8,0.1,,
4288,959,100907,7,1.0,,
2827,654,156,1,0.05,,
4302,964,100859,1,0.0,,
3005,154,148,3,0.1,,
4313,964,100918,6,0.0,,
4322,26,100056,2,0.4,,
2870,675,10,8,0.1,,
4345,966,156,2,0.05,,
4201,934,100450,2,0.1,,
4352,954,100931,7,0.0,,
4359,969,29,1,0.1,,
3286,702,100602,2,0.1,,
4368,22,93,1,0.05,,
3016,705,100547,8,0.1,Retired; herbarium associate.,
3017,705,100548,8,0.05,Molecular phylogenetics of Tephrosia and allied genera.,
3468,792,100663,6,0.1,,
3483,740,100638,6,0.0,,
3138,730,100459,2,0.0,,
3496,815,85,3,0.1,,
2964,127,155,1,0.1,Terry Macfarlane is listed as Principal Investigator on the ABRS grant and is supervising the project.,
3020,706,100456,2,0.6,,
3018,706,100448,1,0.3,,
3019,706,100437,2,0.6,,
3021,706,100451,2,0.4,,
3022,706,100541,2,0.2,,
3023,706,100449,2,0.2,,
3025,706,100453,2,0.1,,
3026,436,100437,3,0.01,,
4385,972,100136,9,0.0,,
3028,707,100448,1,0.0,,
4195,933,100877,6,0.1,,
3030,708,100448,1,0.1,,
3031,707,100450,1,0.7,,
3032,707,100453,2,0.6,,
3033,708,100541,2,0.5,,
3036,706,100549,2,0.25,,
3038,708,100549,2,0.5,,
3511,816,100006,8,0.05,,
3041,710,100133,6,0.1,,
4202,934,100448,2,0.05,,
4685,995,243,1,0.1,,
4393,563,47,1,0.0,,
4210,935,100880,6,0.1,,
2972,695,100534,2,1.0,Land for Wildlife Coordinator,
3037,385,100456,9,0.1,,
2967,694,100462,1,0.0,,
4715,1033,251,2,0.02,,
4214,937,100448,1,0.05,,
3004,702,100518,1,1.0,,
3506,813,24,2,0.1,,
2979,681,100539,8,0.1,,
3043,709,100453,2,0.1,,
3044,709,100437,2,0.05,,
3045,709,100451,2,0.05,,
3046,709,100450,2,0.1,,
3047,709,100449,2,0.1,,
3048,709,100456,2,0.05,,
3049,709,100549,2,0.05,,
3050,709,100541,2,0.05,,
4221,869,100884,7,1.0,,
4396,948,22,1,0.1,,
3039,710,21,8,0.1,,
3054,703,100518,2,0.0,,
3410,790,100518,1,0.1,,
3056,704,100518,2,0.0,,
3128,726,100568,7,0.0,,
3058,712,100451,2,0.1,,
3060,712,100437,2,0.2,,
3059,712,100448,1,0.0,,
3061,712,100453,2,0.05,,
3125,726,100491,6,0.0,,
3066,679,100553,2,0.0,,
4228,943,100437,2,0.1,,
3070,712,100554,8,0.0,,
3071,698,113,1,0.0,,
3156,720,100517,8,1.0,,
3062,712,88,2,0.01,,
3073,712,100464,2,0.01,,
3074,714,100555,1,0.0,,
3075,684,100453,2,0.0,,
3076,695,100552,3,0.6,Covenant Officer,
2609,501,100238,7,0.0,,
3121,726,100458,1,0.0,,
3441,806,100525,1,0.05,,
3455,809,100561,6,0.05,,
3085,716,100053,1,0.0,,
3091,142,59,3,0.1,,
3092,718,6,1,0.1,,
3093,718,243,2,0.5,,
3094,719,6,1,0.1,,
4787,1046,101089,8,0.0,,
4439,976,80,9,0.1,,
3097,719,100134,8,0.2,,
3098,719,100528,8,0.5,,
3099,719,100529,8,0.5,,
3105,575,100476,2,,,
3106,501,100563,6,0.1,,
4230,944,100641,1,0.05,,
3172,746,6,1,0.05,,
3109,721,100476,2,0.0,,
3110,490,100451,2,0.1,,
3131,728,100458,1,0.0,,
4232,945,100085,6,0.05,,
3115,515,29,2,,,
3118,662,100568,7,0.0,,
3122,725,100008,6,0.0,,
3124,725,100458,1,0.0,,
4235,947,100456,1,0.1,,528RSP
3497,815,56,2,0.1,,
3503,813,99,2,0.05,,
4745,1038,100475,3,1.0,,540
3126,726,100085,6,0.0,,
3127,726,100211,6,0.0,,
4403,729,191,2,0.0,,
3512,816,100673,8,0.1,,
3137,730,100458,1,0.0,,
3116,664,100093,8,0.0,,
3134,729,26,3,0.6,,
3077,700,100557,1,1.0,Principal Ecologist,
3143,729,100573,8,0.0,,
4765,1042,100749,1,0.0,,
4772,1043,101060,1,1.0,,540
3148,731,100451,2,0.05,,
3114,663,100458,1,0.01,,
3173,746,243,1,0.1,,
4783,1007,101087,3,0.06,,
3146,731,100151,2,0.1,,
3391,731,100641,1,0.5,,
4807,1049,101097,8,0.1,,
4257,953,100895,7,0.5,,
4217,939,67,1,0.5,,
4276,950,100735,2,0.6,,
4417,960,100956,8,0.05,,
4428,974,100951,3,0.05,,
4752,1039,100455,2,0.5,DBCA Research Associate.,
4215,937,100802,8,0.05,,
4796,858,101093,7,0.5,Masters student,
4738,1038,100822,1,1.0,,540
3158,720,100539,8,0.1,,
3160,659,100490,8,0.05,,
3159,659,100489,8,0.1,,
3166,736,100021,8,0.0,,
4670,970,101045,3,0.0,,
3107,571,100300,8,0.1,,
4824,1051,101111,8,0.1,,
3129,728,100495,6,0.0,,
3132,728,100527,7,0.0,,
3123,725,100502,7,0.0,,
3130,728,100497,6,0.0,,
4739,1038,100812,1,1.0,,540
4716,1003,100986,2,1.0,,538ARS
4012,908,129,2,0.01,,
4211,935,100881,6,0.05,,
3139,664,100451,2,0.0,,
4746,1039,100812,1,0.0,,
4394,390,243,2,0.0,,
3161,659,100232,8,0.05,,
4258,953,100360,6,0.05,,
3152,732,100519,6,0.05,,
4196,933,100660,1,0.01,,
4218,939,100457,2,0.1,,
3186,763,100455,1,0.0,,
3190,759,100455,1,0.0,,
3192,757,100455,1,0.0,,
3193,755,100455,1,0.0,,
3194,751,100455,1,0.0,,
3175,682,100516,1,1.0,,
3195,515,100317,2,1.0,,
3197,762,100455,1,0.0,,
3199,660,100458,1,0.0,,
3200,302,29,1,0.0,,
3201,749,100455,1,0.0,,
3202,749,100581,8,0.0,,
3203,378,100582,8,0.0,,
3204,378,100583,8,0.0,,
3206,747,100455,1,0.0,,
3207,747,100584,8,0.0,,
3210,331,243,2,0.0,,
3442,806,100517,2,0.1,,
3212,284,145,1,0.0,,
3216,764,100516,1,0.0,,
3217,764,100580,2,0.0,,
3218,764,100538,8,0.0,,
3219,764,100586,7,0.0,,
3220,683,100586,7,0.0,,
3221,626,29,1,0.0,,
3222,625,29,1,0.0,,
3223,746,100579,7,0.0,,
3224,746,268,6,0.0,,
3225,716,100559,7,0.0,,
3226,716,100561,6,0.0,,
3227,716,100560,6,0.0,,
3230,512,100243,6,0.0,,
3237,736,100300,8,0.0,,
3244,768,100525,2,0.2,Seed Science Leader,
3245,768,100518,2,0.2,Genetics Leader,
3246,768,100462,1,0.2,Ecophysiology Leader,
3248,768,100538,8,0.2,Rare Species Leader,
3247,768,100561,8,0.2,Ecophysiology Leader,
3250,766,100462,1,0.0,,
3253,650,100462,1,0.2,,
3254,767,100462,1,0.2,,
3257,688,100592,8,0.2,,
3258,688,100593,8,0.15,,
3184,720,100525,1,1.0,,
4753,1039,100489,2,0.5,DBCA Research Associate.,
3269,768,100594,7,1.0,,
3270,768,100596,7,1.0,,
3271,768,100595,7,1.0,,
3272,768,100597,7,1.0,,
3273,650,100598,7,1.0,,
3274,650,100599,7,1.0,,
3208,518,100585,8,0.0,,
3284,769,100377,2,0.4,,
3285,769,100448,2,0.3,,
4754,1039,100490,2,0.1,,
3277,767,100601,8,0.05,,
3276,767,100600,8,0.1,,
3275,767,100346,8,0.2,,
3255,767,100590,8,0.2,,
3249,766,100589,6,1.0,,
3289,770,100455,1,0.0,,
3290,771,100465,1,0.5,,
4404,729,100947,2,0.0,,
3298,500,100518,2,0.0,,
3299,500,100602,2,0.0,,
3264,711,100518,2,0.2,,
3261,711,100540,2,0.2,,
3263,711,100522,2,0.2,,
4755,1041,82,1,0.4,,
4759,674,101060,1,1.0,,540
3300,773,6,1,0.05,,
3301,773,241,2,0.1,,
3302,774,6,1,0.1,,
3303,774,100518,2,0.05,,
4222,869,100085,6,0.05,,
4766,1042,101060,1,1.0,,540
3252,650,100540,2,0.2,,
3215,676,100464,1,0.0,,
4036,911,100829,8,0.2,,
3294,771,100437,2,0.3,,
4777,1044,22,1,0.0,,
3228,501,17,1,0.0,,
4325,691,136,3,0.6,Senior Technical Officer Flora,540 FLOS
3209,608,100585,8,0.0,,
3295,771,156,2,0.01,,
4773,1043,154,1,0.8,,540
4233,945,100887,7,1.0,,
4236,947,100889,7,0.25,,528RSP
4238,948,100890,8,0.0,,
4265,956,241,1,0.05,,535
4277,957,100904,7,1.0,,
4289,959,100235,6,0.1,,
3281,91,146,3,0.0,,
4332,967,100922,7,1.0,,
4231,944,100885,7,1.0,,
4203,934,100451,2,0.05,,
3308,775,22,1,0.05,,
3310,776,100610,6,0.05,,
3311,776,100609,6,0.05,,
3312,776,22,1,0.05,,
3383,742,100232,6,0.0,,
3364,742,100630,7,0.0,,
3316,777,100398,6,0.05,,
3365,741,100631,7,0.0,,
3353,761,100617,7,0.0,,
3229,637,100512,7,0.0,,
3231,618,86,1,0.05,,
4395,390,6,1,0.0,,
3576,825,100392,6,0.45,,
4398,948,100891,8,0.0,,
3256,688,100591,8,1.0,,
3287,702,100603,2,0.8,,
3321,778,100601,6,0.05,,
3329,780,100612,6,0.05,,
3330,780,100613,6,0.05,,
3354,760,100618,7,0.0,,
3385,741,100637,6,0.0,,
3356,758,100620,7,0.0,,
3366,740,100632,7,0.0,,
3387,740,100232,6,0.0,,
3339,783,100525,1,0.05,,
3341,783,100601,6,0.1,,
3315,777,100348,6,0.05,,
3318,778,100462,1,0.05,,
3327,780,100462,1,0.05,,
3328,780,100561,6,0.05,,
3326,780,100596,7,1.0,,
3334,781,100462,1,0.05,,
3331,781,100594,7,1.0,,
3333,781,100613,6,0.05,,
3332,781,100561,6,0.05,,
3338,782,100462,1,0.05,,
3337,782,123,6,0.05,,
3336,782,100561,6,0.05,,
3335,782,100595,7,1.0,,
3347,785,100611,7,1.0,,
3369,785,100462,1,0.0,,
3342,783,100614,7,1.0,,
3340,783,100462,1,0.05,,
3314,777,100598,7,1.0,,
3588,832,142,2,0.04,,
3373,759,100356,6,0.0,,
3367,759,100619,7,0.0,,
3374,757,100633,6,0.0,,
3358,757,100622,7,0.0,,
3357,757,100621,7,0.0,,
3375,755,100634,6,0.0,,
3359,755,100624,7,0.0,,
3376,752,100635,6,0.0,,
3360,752,100625,7,0.0,,
3377,751,100636,6,0.0,,
3361,751,100626,7,0.0,,
4013,908,100476,2,0.01,,
3379,748,100232,6,0.0,,
3380,745,100455,1,0.0,,
3381,745,100021,6,0.0,,
3363,745,100629,7,0.0,,
3390,783,100600,6,0.05,,
3317,778,100599,7,1.0,,
3443,807,100654,7,1.0,UWA,
3362,748,100628,7,0.0,,
4219,939,100377,2,0.1,,
3348,785,100517,1,0.05,,
3350,785,100139,6,0.05,,
3469,794,100580,6,0.2,,
3498,815,143,3,0.1,,
4405,729,100169,3,0.0,,
4671,970,101046,3,0.0,,
453,168,132,3,0.2,,
3589,832,257,2,0.02,,
4411,191,100951,3,0.2,,
3526,819,100681,2,0.2,Co-supervisor,
3527,819,100689,7,1.0,,
3550,831,100394,8,0.01,,
3517,819,100255,8,0.1,Primary supervisor,
3530,821,100690,8,0.2,,
3531,822,145,1,0.1,,
3535,823,145,1,0.05,,
4825,1051,100438,8,0.1,,
4234,945,22,1,0.05,,
3544,831,156,2,0.01,,
3545,816,100688,2,0.3,,
3546,830,100688,1,0.05,,
3547,829,100688,1,0.05,,
3543,831,100688,1,0.4,,
3570,829,100697,8,0.1,,
3571,829,100703,8,0.1,,
3573,829,100709,8,0.25,,
3584,828,100392,6,0.05,,
3536,823,100006,6,0.1,,
3532,822,100006,6,0.1,,
3565,831,100706,8,0.01,,
3504,813,17,2,0.05,,
3368,732,100459,1,0.05,,
3564,831,100705,8,0.01,,
3566,831,100707,8,0.01,,
3567,831,100708,8,0.01,,
3548,831,100392,8,0.2,,
3549,831,100141,8,0.2,,
3552,831,100697,8,0.01,,
3551,831,100483,8,0.01,,
3553,831,100217,8,0.01,,
3554,831,100482,8,0.01,,
3555,831,100025,8,0.01,,
3556,831,100699,8,0.01,,
3557,831,100698,8,0.01,,
3558,831,100700,8,0.01,,
3561,831,100702,8,0.01,,
3559,831,100218,8,0.01,,
3560,831,100701,8,0.01,,
3562,831,100703,8,0.01,,
3563,831,100704,8,0.01,,
3313,777,100457,1,0.05,,
3582,827,100392,6,0.05,,
3579,826,100392,6,0.05,,
4037,913,100660,2,0.01,,
4832,1052,100592,8,0.05,,
3493,814,24,2,0.2,,
3540,824,100392,6,0.8,,
4259,951,100464,2,0.05,,
4266,956,100687,7,1.0,,
4278,957,100682,6,0.1,,
4290,959,100232,6,0.1,,
3183,109,86,1,0.5,,
4346,966,100660,2,0.05,,
4353,954,100930,6,0.0,,
3568,829,100306,8,0.2,,
3574,829,100710,8,0.1,,
3572,829,100025,8,0.1,,
3569,829,100392,8,0.1,,
4205,934,100865,8,1.0,,
721,26,11,4,0.0,,
3672,842,67,1,0.0,,
3673,842,100322,6,0.0,,
3593,833,100553,2,0.5,,
3635,839,100456,1,0.1,,
3636,839,100725,7,0.25,June completed the project as part of a work placement while at Curtin University.,
3637,840,100456,1,0.1,,
3638,840,100726,7,0.25,,
3591,832,100319,1,0.04,,
3590,832,100021,6,0.0,,
4224,732,100491,6,0.08,Replacing Dr. Chris Hallett 4/5 of way through PhD.,
3658,753,100730,3,0.05,,
4397,948,100835,2,0.1,,
4260,951,100448,1,0.01,,
3702,832,100747,7,1.0,,
3652,841,250,1,0.1,,
3651,841,241,1,0.1,,
4406,729,29,1,0.0,,
3596,191,100377,1,0.1,Neil Burrows has retired and Val Densmore has taken over supervision of this project,CC525
3653,841,6,1,0.05,,
3654,841,100024,6,0.1,,
3597,834,100641,1,0.9,,
3598,834,100715,8,0.05,,
3599,834,100716,8,0.05,,
3676,720,100738,8,1.0,,
3605,835,100021,6,0.0,,
3604,835,24,1,0.0,,
3607,835,100718,6,0.0,,
3608,836,24,1,0.0,,
3612,836,100720,6,0.0,,
3677,833,100456,2,0.1,,
3613,836,100721,6,0.0,,
3614,490,100641,2,0.9,,
1503,117,82,1,0.6,,
3615,775,100085,6,0.05,,
4800,1049,101094,8,0.5,,
4347,966,100464,2,0.05,,
3622,722,100457,1,0.01,,
3623,722,100525,1,0.01,,
3625,724,100525,1,0.05,,
3626,724,100398,6,0.1,,
3627,724,100514,6,0.05,,
3628,837,100457,1,0.05,,
3629,837,100724,7,1.0,,
3630,837,100553,1,0.05,,
3631,837,100682,6,0.1,,
2913,363,100206,8,0.2,"JCU employee, software programmer",
2412,363,100181,8,0.0,,
2327,550,257,2,0.01,,
3624,724,100457,1,0.05,,
3633,716,17,2,0.1,,
3660,24,47,2,0.1,,
4418,960,100957,8,0.05,,
3690,845,100398,6,0.1,,
3664,843,6,1,0.05,,
3665,843,252,2,0.1,,
3666,844,243,2,0.1,,
3667,844,6,1,0.05,,
3668,844,10,2,0.05,,
4672,970,101002,3,0.0,,
4686,832,100641,2,0.0,,
4413,960,100952,8,0.5,,
3659,753,100729,3,0.05,,
2664,618,155,1,0.05,Departmental membership involves external co-supervision by two staff. There are no Departmental operating funds for this project.,
2453,475,156,2,0.05,,
3684,842,100731,8,1.0,,
3689,845,100744,6,0.1,,
3686,845,100457,1,0.05,,
3692,510,100228,6,0.0,,
4279,957,100418,6,0.1,,
4291,959,100317,1,0.1,,
976,369,156,1,0.1,,
4774,1044,100749,1,0.0,,
3701,697,100449,2,0.1,,
4440,977,100807,7,0.5,,
3634,72,109,3,1.0,,535-fauna
3687,846,100679,6,0.1,,
3708,610,100585,4,0.0,,
3710,740,100455,1,0.0,,
3711,847,80,1,0.0,,
3712,847,100405,6,0.0,,
3713,847,100452,6,0.0,,
3715,758,100455,1,0.0,,
3716,748,100455,1,0.0,,
3717,742,100455,1,0.0,,
3718,741,100455,1,0.0,,
4740,1038,100971,3,1.0,,540
4038,913,129,2,,,
3670,836,100736,6,0.0,,
3671,836,100737,6,0.0,,
4412,939,100951,3,0.5,,
3657,750,100729,3,0.4,,
4220,939,30,3,0.1,,
3639,515,93,1,0.2,,
1214,368,99,1,0.05,,
3688,845,100743,7,1.0,,
3700,159,257,2,0.5,,
3719,363,250,2,0.1,,
3655,841,100728,7,1.0,,
3185,433,17,1,0.0,,525
3616,700,100722,3,0.1,,540BRPW
3693,186,250,1,1.0,,
4316,966,100688,1,0.3,,
4354,930,100859,1,0.0,,
2957,691,100472,2,0.6,Database project coordinator,540FLOS
4360,969,100317,1,0.1,,535NBLS
4747,1039,100492,2,0.1,,540
4756,1041,100992,3,0.6,,
4760,674,101075,1,1.0,,540
4778,1004,100459,2,0.0,,
4788,1047,100972,1,0.0,,
573,109,82,2,0.1,,
4808,1049,101098,8,0.1,,
4767,1042,254,2,1.0,,540
4803,1049,100028,8,0.1,,
3722,648,87,1,0.1,,
3723,648,100437,2,0.01,,
3727,848,100228,6,0.0,,
3728,848,100592,6,0.0,,
4225,942,100456,2,0.25,,
3732,475,100437,2,0.06,,
3739,170,100688,2,0.2,,
3725,814,93,2,0.1,,
2763,631,100444,6,0.02,,
3737,637,250,1,0.0,,
3738,752,100455,1,0.0,,
4826,778,100561,8,0.05,,
4280,957,100035,6,0.1,,
3742,639,93,2,0.0,,
3743,639,100260,2,0.0,,
4833,1052,100462,1,0.05,,
4292,959,56,1,0.1,,
3748,761,100455,1,0.0,,
3754,792,100516,1,0.0,,
3813,846,100660,2,0.01,,
3758,827,100688,1,0.0,,
3759,826,100688,1,0.0,,
3760,825,100688,1,0.0,,
3762,824,100688,1,0.0,,
3766,828,100714,7,0.0,,
3767,654,100479,7,0.0,,
3775,760,100455,1,0.0,,
3776,740,100106,6,0.0,,
3777,799,100653,7,0.0,,
3778,722,100565,7,0.0,,
3779,724,100566,7,0.0,,
3781,776,100608,7,0.0,,
3782,775,100606,7,0.0,,
3783,842,100741,7,0.0,,
3784,836,100719,7,0.0,,
3785,835,100717,7,0.0,,
3786,507,100233,6,0.0,,
3787,823,100692,7,0.0,,
3788,822,100691,7,0.0,,
3790,392,93,2,0.0,,
3791,392,99,1,0.0,,
3792,389,100746,1,0.0,,
1267,389,12,2,0.1,,
4840,1053,101115,7,1.0,,
3795,790,100133,6,0.0,,
3797,849,100133,6,0.1,,
3798,849,268,6,0.1,,
3800,850,100457,1,0.1,,
3801,850,100744,6,0.1,,
3802,850,100518,1,0.1,,
3804,609,100457,1,0.0,,
3805,810,100664,7,0.0,,
3807,678,100759,2,0.0,,
4441,977,100641,1,0.05,,
4844,1054,100448,1,0.1,,
3810,399,22,2,0.0,,
3811,399,108,2,0.0,,
3816,851,100750,1,0.0,,
3818,851,47,2,0.1,,
3817,851,8,2,0.1,,
3819,851,100440,5,0.07,,
3793,391,241,1,0.1,,
4014,907,156,1,0.01,,
4673,971,100964,3,0.0,,
4039,913,100460,8,1.0,,
3761,824,100695,7,0.0,,
4848,1055,100456,2,0.05,,
3837,847,100765,7,0.0,,
3825,853,100553,1,0.0,,
3827,853,100456,2,0.05,,
2912,363,100448,2,0.0,Internal collaboration between Cheryl Lohr and Katherine Zdunic to create habitat maps of the Pilbara Islands,
1291,363,12,1,0.0,,
3828,62,6,2,0.0,,
3829,595,100553,2,0.0,,
3117,664,100567,2,0.0,,
3831,315,32,1,0.0,,
3832,600,6,1,0.0,,
3803,55,47,1,0.8,,
3834,599,6,1,0.0,,
3763,825,100711,7,0.0,,
4688,980,100876,6,0.0,,
3838,828,100688,1,0.0,,
3371,777,100462,1,0.05,,
3839,680,100566,2,0.0,,
3726,848,137,1,0.1,,
4050,885,100805,2,0.0,,
3857,861,100771,7,1.0,,
3765,827,100713,7,0.0,,
3844,857,100688,2,0.01,,
3735,754,100729,3,0.0,,
3843,857,145,2,0.01,,
3845,857,156,2,0.01,,
3846,857,100660,2,0.01,,
3847,857,100674,8,1.0,,
3848,858,129,1,0.0,,
3851,858,100511,8,0.05,,
3852,858,100008,8,0.05,,
4331,967,100353,6,0.1,,
3853,859,100457,2,0.15,,
3850,858,100476,2,0.075,,
3856,860,24,1,0.0,,
3860,861,100509,6,0.08,,
3858,861,100459,1,0.05,,
3842,856,100750,1,0.3,,
3764,826,100712,7,0.0,,
3806,810,100516,1,0.0,,
3859,861,100510,6,0.1,,
3799,850,100757,7,1.0,,
3729,848,100752,7,0.0,,
3815,838,17,1,0.0,,
3796,849,100650,7,1.0,,
4323,691,100530,2,0.7,Flora Conservation Officer,
3774,717,100562,7,1.0,,
3773,717,100139,6,0.05,,
3772,717,250,1,0.1,,
3770,717,292,6,0.1,,
3769,820,250,1,0.1,,
3768,820,100683,7,1.0,,
4333,932,100923,7,1.0,,
4334,905,100121,6,0.05,,
4335,863,22,2,0.1,,
4336,130,93,2,0.05,,
4348,944,100927,6,0.05,,
4689,818,93,1,0.0,,
3789,387,93,1,0.0,,
3830,772,100745,3,0.0,,
4693,1026,100984,1,0.0,,
3870,863,100776,1,0.7,,
3925,881,142,2,0.05,,
4071,914,100759,1,0.1,,
4074,391,93,1,0.1,,
4015,907,100816,6,0.01,,
3923,881,100319,1,0.05,,
3926,881,257,2,0.04,,
3875,721,100485,8,0.05,,
3863,186,93,1,0.0,,
4674,971,101042,3,0.0,,
4028,911,100823,8,1.0,,
4657,980,100763,1,0.0,,
4142,923,100580,1,0.1,,
4223,869,22,1,0.05,,
4040,913,100065,8,0.1,,
3944,889,100458,1,0.0,,
3928,881,100794,7,1.0,,
3880,866,100085,6,0.05,,
3881,866,100606,7,1.0,,
3879,868,22,1,0.05,,
3884,870,100540,1,0.01,,
3891,871,100782,6,0.01,,
3932,882,100763,2,0.0,,
3886,870,100780,7,1.0,,
3861,862,60,1,0.6,,
3887,871,100553,1,0.01,,532
3888,871,100398,6,0.05,,
3885,870,100398,6,0.05,,
3883,870,100553,1,0.01,,532
3890,870,100782,6,0.01,,
3892,872,100641,1,0.0,,
4407,729,100570,8,0.0,,
3894,873,100641,1,0.05,Part of Ashfield Flats Project,
3897,873,100214,6,0.05,,
3904,875,100787,7,1.0,,
3901,875,100593,6,0.0,,
3903,875,100404,6,0.0,,
4136,921,100580,1,0.1,,
3910,878,100023,8,0.05,,
3911,878,100789,8,0.05,,
3912,878,100790,8,0.5,,
3913,878,142,2,0.01,,
3882,866,22,1,0.05,,
4065,43,100641,2,0.2,,
4226,942,100549,2,0.1,,
3915,879,100791,8,0.4,,
3916,879,100792,8,0.2,,
3919,880,142,1,0.0,,
3920,880,100319,1,0.0,,
3922,876,100641,1,0.0,,
4242,948,100169,3,0.0,,
3909,878,257,2,0.05,,
4454,981,307,2,0.2,,
4281,957,100317,1,0.1,,535NBLS
3927,881,100444,6,0.0,,
3900,874,100772,1,0.3,Note: Andrew is working at 0.3 FTE over 5 months.,52983OS
3942,890,100458,1,0.0,,
3943,889,100763,2,0.0,,
3871,864,100772,1,0.7,Note time allocation is 0.7 FTE over 5 months,52983OS
484,155,155,2,0.1,,
3945,891,100510,6,0.0,co-supervisor,
3946,891,100509,6,0.0,co-supervisor,
3947,891,100459,6,0.0,Co-supervisor,
3948,891,100771,7,1.0,co-supervisor,
3949,892,100456,1,0.05,,
3950,894,100456,1,0.05,,
3866,155,100774,1,0.1,,
4718,1004,100986,2,1.0,,538ARS
3953,897,100456,2,0.1,,
3954,897,100594,2,0.25,,
3955,893,100456,1,0.05,,
3956,893,100798,7,0.25,,
3957,898,100456,2,0.1,,
3958,899,307,1,0.0,,
3961,899,87,1,0.0,,
2887,672,100494,8,0.0,,
4086,916,100451,2,0.2,,
3895,873,100785,7,0.5,,
3872,865,22,1,0.05,,
3966,858,100065,8,0.05,,
3967,858,100804,8,0.05,,
4419,961,100958,8,0.05,,
4414,960,100953,8,0.05,,
4461,991,100457,1,0.01,,
3921,876,100783,8,0.0,,
499,150,132,3,0.8,,
4449,972,100317,2,0.01,,
1919,456,87,1,0.35,,
4077,915,6,1,0.1,,
3929,880,100008,6,0.0,,
4133,920,100580,1,0.1,,
3930,880,100795,7,0.0,,
3959,899,100800,6,0.0,,
3940,886,17,1,0.05,,
4088,884,100807,2,0.0,,
4096,885,100846,2,0.0,,
4080,915,100021,8,0.2,,
4099,668,100458,1,0.0,,
4102,882,100805,2,0.0,,
3931,882,100458,1,0.0,,
4849,1055,100983,8,0.05,,
3935,884,100458,1,0.0,,
3595,700,100475,2,0.8,TEC Ecologist,
3937,885,100458,1,0.0,,
4108,885,100849,8,0.0,,
3914,879,24,1,0.15,,
3902,875,137,1,0.1,,
4115,917,100457,1,0.0,,
4083,915,100843,8,0.1,,
4124,707,100449,2,0.0,,
4127,859,100553,2,0.1,,
4130,919,100663,6,0.1,,
4118,918,100851,7,1.0,,
3896,873,100561,6,0.05,,
4139,922,100580,1,0.2,,
3898,873,100786,6,0.05,,
4121,918,100852,6,0.1,,
3878,868,100779,7,1.0,,
3877,868,100778,6,0.05,,
3889,871,100781,7,1.0,,
3960,899,100801,7,0.0,,
3917,879,98,3,0.1,,
3918,879,55,3,0.1,,
4068,893,137,1,0.05,,
4016,907,100817,6,0.01,,
4029,911,100824,8,0.5,,
4041,913,100804,8,0.01,,
4048,912,100833,6,0.5,,
3973,666,100458,1,0.0,,
3974,904,145,1,0.05,,
3975,904,100006,8,0.1,,
3976,904,100810,7,1.0,,
3977,904,100033,1,0.1,,
4455,981,100800,8,0.2,,
2888,672,100503,8,0.0,,
4479,996,270,8,0.6,,
4483,997,299,8,0.0,,
4687,1011,101048,7,1.0,,
4722,1029,241,1,0.05,,535
4695,1027,100982,2,0.9,,
1918,456,307,2,0.9,,
4835,43,100451,2,0.02,,
4701,1030,241,1,0.1,,
4075,391,100788,2,0.6,,
2722,551,100429,8,0.85,"Dr. Turner-Tomoszewicz hasl affiliations with The Ocean Foundation and offices of NMFS-SWFSC and NMFS SEFSC. Dr. Calandra Turner Tomaszewicz1,21The Ocean Foundation2205 Milton Ct.San Diego, CA 92110 USAcali.turner@gmail.com+1 (310) 871-6804 2National Marine Fisheries Service-Southwest Fisheries Science Center8901 La Jolla Shores Dr.La Jolla, CA 92037 USA",
2711,551,100423,8,0.05,"Dr. Jeffrey Seminoff2, 2National Marine Fisheries Service-Southwest Fisheries Science Center8901 La Jolla Shores Dr.,La Jolla, CA 92037 USA ",
2712,551,100424,8,0.05,"Dr. Larisa Avens3,3 – National Marine Fisheries Service, Southeast Fisheries Science Center, NOAA Beaufort Laboratory, 101 Pivers Island Rd, Beaufort, NC 28516, USA",
3981,363,93,1,0.0,,
3840,854,100750,1,0.4,"Megan Barnes will design the analysis, facilitate workshops, conduct the Multi-Criteria Analysis, and lead publication. ",
4084,916,241,1,0.1,,
4087,916,226,8,0.1,,
4089,730,100807,2,0.0,,
4097,187,93,1,0.05,,
4227,942,100448,2,0.05,,
4761,674,254,2,1.0,,540
4106,884,100849,8,0.0,,
3982,730,100763,2,0.0,,
4243,948,91,3,0.0,,
4103,883,100459,2,0.0,,
4704,1031,100807,2,0.0,,
4081,915,100840,8,0.5,,
4119,918,100021,6,0.1,,
4293,961,241,1,0.1,,
4269,956,100900,6,0.1,,
4122,708,100456,2,0.1,,
4125,151,100764,1,0.0,,
4487,170,100984,2,0.6,,
4131,919,100580,6,0.2,,
4140,922,100663,6,0.1,,
4147,924,100545,3,0.6,Fiona provides remote sensing and spatial analysis input for new mapping,540YOJ
4145,924,100448,1,0.0,Katherine providing Remote Sensing analysis design and input,
4149,924,100855,8,0.0,Romeny is an aquatic scientist from DWER providing supervisory input,
3899,872,100716,6,0.05,,
4152,360,100764,1,0.0,,
4069,892,100797,7,0.25,,
4154,892,100360,6,0.0,,
4707,1027,241,2,0.02,,
4157,925,100859,1,1.0,,
4161,608,100861,3,0.5,,
4164,785,100738,6,0.0,,
4471,994,243,1,0.2,,
3524,674,100686,3,1.0,Senior Technical Officer,
4400,949,100946,8,0.0,,
4408,729,100948,8,0.0,,
4337,22,100126,2,0.8,,
4340,940,100924,7,0.3,,
3893,872,100784,7,0.5,,
4355,930,100918,6,0.0,,
4361,969,100024,6,0.1,,
4366,476,100787,3,0.0,,
4710,1033,241,2,0.02,,
4297,960,241,2,0.05,,
4072,914,100838,6,0.1,,
4424,946,100360,6,0.0,,
4425,974,100377,2,0.05,,525
4700,1028,100969,1,0.4,,
4450,981,87,1,0.05,,
4422,921,100960,7,1.0,,
4719,86,100641,2,0.2,,
4458,989,100448,2,0.05,,528
4459,991,100456,1,0.05,,
4462,991,100377,1,0.01,,
4464,701,100532,1,1.0,,
4720,1027,101081,3,0.15,,
4473,994,32,2,0.1,,
4477,996,47,2,0.1,,
4481,997,100802,2,,,
4485,998,47,2,0.05,,
4489,995,100988,7,1.0,,
4475,995,268,6,0.1,,
4768,1042,101075,1,1.0,,540
4420,923,100664,7,1.0,,
4143,923,100663,6,0.1,,
4137,921,100663,6,0.1,,
4134,920,100516,1,0.1,,
4100,673,100848,3,0.6,,
4094,883,100848,3,0.0,,
4731,1036,100553,1,0.1,,
4727,1035,307,1,0.05,,
4730,1008,100807,5,0.01,,
4732,936,101069,3,1.0,,
4741,1038,100492,3,1.0,,540
4748,1040,100749,1,0.0,,540
4757,1041,15,3,-1.0,,
4775,1044,101060,1,1.0,,540
4779,1004,100972,2,0.0,,
4017,907,100818,6,0.01,,
4030,911,100660,2,0.01,,
4042,913,100829,8,0.01,,
4053,662,100805,2,0.0,,
3864,854,100450,2,0.15,"Kinloch will actually be 0.2 in year 1 and 0.15 in the second year, But that can't be captured in this system.The higher amount in year 1 factors in that the project may collaborate with other programs and therefore the compiling of the Aerial Shoot data over other tenures will be a larger task.Janine Kinloch will conduct spatial analysis, and contribute to the publication.  ",
4482,997,270,8,,,
4702,1030,100759,2,0.1,,
4705,1031,100458,1,0.0,,
4270,956,100843,8,0.05,,
4708,1027,100431,3,0.05,,
4460,991,100983,7,0.25,,
2889,672,100504,8,0.0,,
3985,732,100458,5,0.01,,
4058,865,100835,2,0.05,,
4711,1033,101019,9,0.02,,
4721,1027,101082,8,0.01,,
4676,971,101045,3,0.0,,
4090,669,100807,2,0.0,,
4110,669,100805,2,0.0,,
4696,1027,100157,9,0.05,,
4723,1029,100759,2,0.1,,535
592,150,105,3,0.8,,
3988,905,24,1,0.1,,
3990,905,100546,6,0.1,,
3991,905,100120,6,0.1,,
4035,846,100828,6,0.1,,
3994,661,100491,8,0.0,,
3997,849,100518,1,0.1,,
3998,906,100518,1,0.3,,
4070,914,241,1,0.1,,
4073,914,100839,7,1.0,,
4095,885,100845,2,0.0,,
4160,518,100861,3,0.5,,
4101,673,100846,3,0.05,,
4076,915,241,1,0.1,,
4085,916,100450,1,0.2,,
4728,1035,100980,2,0.5,,
4733,936,101003,3,0.0,,
4742,1038,136,3,1.0,,540
4749,1040,101060,1,0.0,,540
4444,977,100859,1,0.05,,
4758,1041,40,8,0.4,,
4244,948,100874,3,0.0,,
4762,674,101072,2,1.0,,540
4294,961,100735,2,0.6,,
4401,865,100874,3,0.0,,
4098,187,56,2,0.05,,
4163,729,22,2,0.0,,
4082,915,100842,8,0.1,,
4079,915,100841,8,0.2,,
4120,918,6,1,0.05,,
4409,729,100949,3,0.0,,
4126,908,100853,8,0.05,,
4769,1042,101072,2,1.0,,540
4138,922,100516,1,0.1,,
4129,919,100516,1,0.1,,
4144,924,100449,3,0.5,Graham is a staff member of the Remote Sensing and Spatial Analysis team in DBCA and is providing spatial analysis support,540YOJ
4146,924,100532,1,0.0,"Michael is supervising the development, outcomes and reporting of the project",
4148,924,100857,3,0.0,Adam provides remote sensing and spatial analysis input on a casual basis,
4150,924,100856,8,0.0,Kylie is an aquatic scientist from DWER providing technical guidance on channel ecosystem mapping and evaluation,
4151,713,100764,1,0.0,,
3989,905,100808,7,1.0,,
4153,893,100360,6,0.0,,
4834,43,100456,2,0.02,,
4415,960,100954,8,0.05,,
4158,681,100517,2,1.0,,
3053,711,100462,1,0.0,,
4349,196,100451,2,0.05,,
4067,196,100788,2,0.6,,
4356,930,100932,7,0.0,,
4362,969,100902,6,0.1,,
4421,922,100586,7,0.0,,
4426,974,113,8,0.1,,
4845,1036,101117,7,1.0,,
4465,992,100451,2,0.05,,
4789,1047,100028,6,0.0,,
4780,1007,101086,8,0.06,,
4457,701,100544,3,1.0,,
4463,990,100456,1,0.0,,
4784,1046,100491,6,0.0,,
4470,994,6,1,0.1,,
4472,994,92,2,0.1,,
4850,1055,100377,2,0.05,,
4478,996,100448,2,0.0,,
4480,997,47,2,0.1,,
4484,997,100448,2,0.0,,
4488,170,100985,3,0.8,,
4801,1049,100312,8,0.5,,
4490,995,100989,6,0.1,,
4476,995,100261,6,0.1,,
4804,1049,100804,8,0.1,,
4141,923,100516,1,0.1,,
4047,150,100830,3,0.6,,
4135,921,100516,1,0.1,,
4423,920,100961,7,1.0,,
4132,920,100663,6,0.1,,
4283,950,100788,2,0.2,,
1913,452,87,2,0.05,,
4809,1049,101099,8,0.1,,
3821,852,93,2,0.1,,
3153,732,100521,7,0.6,,
4853,1056,100641,2,0.01,,
4859,733,101019,1,0.05,,
4862,970,101120,3,0.0,,
4865,1057,100641,1,0.02,,
4868,116,100314,8,0.01,,
2481,59,127,2,0.2,,
2803,24,243,1,0.4,,
4871,599,11,6,0.0,,
4874,673,101085,3,0.0,,
4877,1058,101123,7,1.0,,
4880,1004,100848,3,0.0,,
4883,1059,101124,8,0.1,,
4776,1044,100544,2,1.0,,540
4564,1009,6,1,0.1,,
4492,999,87,2,0.05,,
4536,700,101001,2,0.6,,
4493,999,100980,2,0.5,Position to be funded by RFMS Exmouth District and to work under the supervision of MSP scientists for years 1 and 2 and by Wheatstone Offset C for year 3,
4506,1003,100845,2,1.0,,538ARS
4538,700,101003,3,1.0,,
4540,1008,100972,2,0.5,,
4533,700,100533,2,0.4,,
4521,1003,100458,1,0.0,,538ARS
4491,999,307,1,0.05,,
4494,1000,100314,8,0.0,,
4495,1000,145,1,0.0,,
4496,1000,100990,2,0.0,,
4497,170,100939,2,0.4,,
4498,170,100990,2,0.6,,
4499,170,307,2,0.2,,
4500,1001,100980,2,0.5,,
4501,1001,87,2,0.05,,
4502,1002,156,1,0.05,,
4503,1002,100990,2,0.01,,
4504,1002,145,2,0.01,,
4505,1002,100991,8,0.2,,
4508,1005,87,1,0.05,,531
4509,1005,307,1,0.1,,531
4510,1005,100800,6,0.0,,
4511,150,100166,3,0.6,,
4677,971,101046,3,0.0,,
458,150,49,3,0.3,,
2193,150,100163,3,0.3,,
3867,154,100774,1,0.2,,
4547,978,100763,1,0.1,,
4548,979,100763,1,0.1,,
4514,1006,100377,1,0.4,,
4515,1006,100951,3,0.1,,
4516,1006,100456,2,0.1,,
4565,1009,146,3,0.1,,
4517,150,100992,3,0.2,,
4518,150,100993,3,0.6,,
4792,142,100169,3,0.4,,
4543,411,100992,3,0.6,,
4537,700,101002,3,0.8,,
4794,858,101091,7,0.8,PhD Student/casual employee,
4520,1004,100458,1,0.0,,538ARS
3865,150,100774,1,0.7,,
4523,550,100319,2,0.01,,
2328,550,142,2,0.02,,
4524,966,100939,2,0.05,,
4525,720,100995,8,1.0,,
4526,983,100525,1,0.05,,
4527,983,100996,6,0.05,,
4529,983,100998,7,1.0,,
4531,682,100580,2,1.0,,527SCI1S
4846,853,101109,8,0.05,,
4535,1007,100972,2,0.5,,
4534,1007,100458,1,0.0,,
4563,1009,241,1,0.2,,
4857,883,101085,3,0.0,,
4697,1027,100440,9,0.05,,
4550,980,100935,7,1.0,,
4837,1053,100995,6,0.05,,
4699,1027,251,1,0.05,,
4712,1033,101077,9,0.02,,
4507,1004,100845,2,0.0,,538ARS
3669,196,100735,2,0.6,,
4542,411,82,1,0.2,,
2857,669,100458,1,0.0,,
4554,167,243,2,0.1,,
4860,971,101120,3,0.0,,
4513,109,100912,2,0.3,,536
4556,366,100973,1,0.5,,
4557,130,100973,1,0.5,,
4558,950,100759,2,0.4,,
4729,1035,87,2,0.05,,
4569,1011,241,1,0.1,,
4570,1011,101010,6,0.2,,
4571,1011,100901,6,0.1,,
4539,1008,100458,1,0.02,,
4734,936,101029,3,1.0,,
4574,1005,101011,7,0.5,,
4577,1014,100641,1,0.01,,
4544,1007,100576,5,0.06,,
4575,1014,101012,7,0.5,,
4805,1049,101095,8,0.05,,
4559,1008,100495,8,0.03,,
4561,1008,101008,8,0.06,,
4560,1008,100950,5,0.03,,
4576,1014,100926,6,0.05,,
4578,1014,100456,1,0.01,,
4580,184,100641,2,0.0,,
4581,1015,101013,8,0.1,,
4582,1015,100776,2,0.05,,
4583,1015,100641,2,0.1,,
4584,1015,101014,9,0.0,,
4743,1038,101024,3,1.0,,540
4572,1012,100457,1,0.1,,
4750,1040,100557,1,1.0,,540
4763,674,101081,2,1.0,,540
4770,1042,101081,2,1.0,,540
4545,1007,100950,5,0.06,,
4562,1007,100495,8,0.03,,
4546,1007,100641,5,0.03,,
4851,1056,100553,1,0.05,,
4785,1046,101088,7,0.0,,
4790,1047,101090,7,0.0,,
4863,970,101121,3,0.0,,
4866,1057,101122,7,1.0,,
4649,1023,100990,1,0.01,,
4869,59,243,1,0.4,,
3849,858,145,8,0.05,AIMS collaborator,
4872,59,32,2,0.1,,
4875,673,101009,3,0.0,,
4878,1058,100744,1,0.1,,
4881,1059,243,1,0.1,,
4884,1059,6,1,0.0,,
4886,1060,100199,2,0.2,,
4888,1060,101125,8,0.0,,
4890,640,307,2,0.05,,
4893,351,101127,8,0.0,,
4841,711,100589,8,0.5,,527HRR
4896,821,101128,8,0.01,,
4802,1049,100832,8,0.1,,
4810,1049,101100,8,0.1,,
4836,43,101113,8,0.05,,
3820,852,100750,1,0.3,,
4633,732,100494,5,0.025,,
4631,1018,100458,5,0.0,,
4634,861,100458,5,0.0,,
3986,852,100668,9,0.05,,
3987,852,24,2,0.1,,
4585,707,100451,2,0.2,,
4586,708,100594,2,0.5,,
4827,159,100872,5,0.25,,
4636,679,100566,2,0.5,,
4613,1016,100398,8,0.0,,
4838,1053,100539,6,0.05,,
4842,1054,270,8,0.1,,
4587,86,100859,2,0.5,,
4588,86,22,1,0.0,,
4589,86,100553,2,0.0,,
4847,1055,100553,1,0.05,,
4590,144,100559,7,0.0,,
4852,1056,100456,2,0.01,,
4592,1016,100641,1,0.2,,
4591,1016,100553,1,0.2,,
4593,1016,100859,2,0.2,,
4595,1016,30,3,0.05,,
4596,1016,100053,2,0.05,,
4597,691,100798,3,0.7,Conservation Officer Flora,540FLOS
2955,691,154,1,0.8,A/Senior Conservation Botanist,540FLOS
4599,691,100728,3,1.0,Technical Officer Flora,540FLOS
4598,691,100822,1,0.8,Senior Biodiversity Conservation Officer,540FLOS
4855,673,101118,2,0.8,,
4627,1018,101018,7,1.0,,
3983,669,100459,2,0.0,,
4629,1018,101017,6,0.05,,
4051,883,100805,2,0.0,,
4904,1061,87,2,0.05,,
4606,861,100511,6,0.0,,
4092,883,100846,3,0.0,,
4105,883,100763,2,0.0,,
893,167,25,2,1.0,,
4104,883,100753,2,0.0,,
4430,883,100458,1,0.0,,538
4609,1012,100919,2,0.8,,
4607,883,101009,3,0.0,,
4858,883,101119,3,0.0,,
4611,55,127,2,0.4,,
4612,883,100527,2,0.0,,
4601,976,101016,6,0.0,,
4861,971,101121,3,0.0,,
4678,971,101002,3,0.0,,
4698,1027,100136,9,0.05,,
4713,1033,101078,3,0.02,,
892,167,97,3,0.25,,
4615,667,100491,8,0.0,,
4616,667,100845,3,0.0,,
4617,667,100846,3,0.0,,
4618,661,100846,3,0.0,,
4864,1057,100716,8,0.05,,
4620,111,100992,3,0.2,,
4622,1017,100465,1,0.05,,
4623,484,15,1,0.0,,
4806,1049,101096,8,0.1,,
4628,1018,100519,6,0.05,,
4630,1018,100113,6,0.05,,
4626,1018,100459,1,0.025,,
4744,1038,100530,3,1.0,,540
4751,1040,101034,3,1.0,,540
4621,116,100990,1,0.05,,
4764,674,100982,2,1.0,,540
4771,1043,100749,1,0.0,,
2862,673,100459,2,0.1,,529RS
3542,831,145,8,0.01,,
4867,1023,156,2,0.01,,
2480,59,92,2,0.2,,
4639,24,100912,2,0.3,,
4640,1020,100199,2,0.2,,
4641,1021,307,2,0.05,"Participating in workshops, providing advice on data availability, negotiating data sharing agreements",
4642,1021,87,2,0.05,Participating in workshops and providing advice.,
4644,1016,101020,2,0.0,,
4870,653,100747,7,0.4,,
4786,1046,100458,1,0.0,,
4791,937,101052,2,1.0,,
4793,154,100993,3,0.2,,
4795,858,101092,7,0.8,Honours Student,
4873,673,101119,3,0.0,,
4799,1049,100660,2,0.05,,
2898,673,100458,1,0.0,,
4876,1058,92,1,0.1,,
4879,1058,243,1,0.1,,
4882,1059,100975,2,1.0,,
4885,1060,243,1,0.1,,
4887,1060,101124,8,0.0,,
4891,640,100892,8,0.25,,
4894,105,100990,1,0.0,,
4895,167,100169,3,0.0,,
4897,821,100688,1,0.01,,
4898,369,101128,8,0.1,,
4899,483,129,1,0.05,,
4905,1061,101126,8,0.25,,
846,167,108,2,0.0,,
4900,170,129,2,0.2,,
4901,938,100939,1,0.05,,
4902,938,100990,2,0.02,,
4903,1061,100984,2,0.05,,
4906,1061,101129,8,0.05,,
4907,1062,156,1,0.05,,
4908,1062,101131,7,1.0,,
4909,1062,100167,2,0.05,,
4910,1062,101132,2,0.05,,
4911,1062,100881,6,0.05,,
4912,1062,101134,6,0.05,,
4913,105,100060,8,0.01,,
4915,55,101116,2,0.8,,
4914,55,8,4,0.0,,
3014,705,139,8,,"Ryonen Butcher is listed as Joint Investigator on this ABRS grant, and is conducting the bulk of the research as taxonomic expert on Tephrosia.",
4735,1037,100749,1,0.0,,
4889,59,100975,2,0.1,,
4811,1049,101101,8,0.1,,
4624,1008,101021,8,0.2,,
4594,1016,100456,2,0.05,,
1492,127,139,8,,Ryonen Butcher is listed as Joint Investigator on the ABRS grant and is the person conducting the research.,
4993,925,101181,1,0.7,,
4994,925,101164,3,0.2,,
4995,1016,100592,2,1.0,,
4996,1016,101184,3,1.0,,
4997,1016,101186,2,1.0,,
4918,1063,156,2,0.02,,
4999,1075,100972,2,0.6,,
4998,1075,100458,1,0.0,,
4916,1063,101084,1,1.0,,
4917,1063,100465,2,0.02,,
5000,1075,101085,3,0.4,,
4919,885,100763,2,0.0,,
4920,737,101019,1,0.0,,
4921,972,100571,9,0.0,,
4922,972,100440,9,0.0,,
4923,515,101000,2,0.0,,
4924,1047,100458,5,0.0,,
4925,661,100763,5,0.0,,
4927,736,101019,1,0.0,,
4928,814,241,2,0.05,,
4929,734,101019,1,0.0,,
4930,754,101083,3,0.0,,
4932,1028,100951,3,0.25,,
4933,1028,30,3,0.2,,
4934,1028,100457,2,0.05,,
4931,939,100969,2,0.2,,
4935,659,101019,1,0.0,,
4936,86,101108,2,0.5,,
4938,1065,100749,1,0.0,,
4940,1065,101029,3,1.0,,540
4941,1065,101003,3,1.0,,540
4943,1065,101069,1,1.0,,539
4944,1065,100798,3,1.0,,540
4945,1065,100728,3,1.0,,540
4946,1061,307,1,0.5,,
4948,1037,100448,5,0.0,,
4947,1037,100472,1,0.0,,
4949,1040,100475,1,1.0,,540
4950,1042,100982,2,1.0,,
4952,1043,101151,3,1.0,,540FLOS
4953,950,102,2,0.0,,
4954,196,102,2,0.0,,
4955,1066,100934,1,0.0,,
4956,1066,101073,2,0.0,,
4817,1036,100398,6,0.1,,
4960,1056,101109,8,0.0,,
4959,1048,100458,9,0.0,,
4962,1048,101153,9,0.0,,
4961,1048,101051,9,0.0,,
4939,1065,100472,1,1.0,,540
4963,1067,241,1,0.05,,
4964,1067,102,3,0.05,,
4965,1067,100735,2,0.01,,
4966,1067,158,2,0.05,,
4957,1008,101054,8,0.2,,
5001,1016,101187,3,1.0,,
4967,1065,100839,3,0.0,,
4968,1065,101161,3,1.0,,540
4969,1065,101160,3,1.0,,540
4970,1065,101152,3,1.0,,540
4971,1068,101112,3,0.1,,
4972,1068,100540,2,0.5,,
4973,1068,100462,1,0.0,,
4974,858,100437,2,0.05,,
4975,1069,100934,1,0.0,,
4976,1070,100660,1,0.2,,
4977,1070,156,1,0.05,,
4978,1070,100832,2,0.05,,
4979,1071,100660,1,0.1,,
4980,1071,156,1,0.05,,
4981,1072,100934,1,0.0,,
4983,1073,101021,2,0.2,,
4984,1073,100763,5,0.0,,
4986,1073,101085,5,0.0,,
4990,1074,100807,2,0.05,,
4991,1074,101021,2,0.05,,
4987,1074,100763,1,0.4,,
4989,1074,101085,2,0.6,,
5005,1077,100491,6,0.0,,
4926,184,101136,8,0.4,,
4982,1073,100807,1,0.5,,
4992,1073,101175,2,1.0,,
4985,1073,100458,1,0.05,,
4988,1074,100458,1,0.025,,
5006,1078,101191,7,0.0,,
5007,1078,100491,6,0.0,,
5008,1078,100458,7,0.0,,
5009,1079,22,1,0.05,,
5010,1079,108,2,0.1,,
5011,1079,100776,2,0.05,,
5012,1079,100169,3,0.1,,
5013,1079,91,3,0.1,,
