id,project_id,user_id,role,time_allocation,position,comments,short_code
433,54,212,3,0.1,1,,
438,198,24,1,0.0,1,,
440,81,6,1,0.2,1,,
441,113,70,1,0.01,1,<p>I am involved in this only in a supervisory capacity</p>,
442,183,8,1,0.2,1,,
445,132,11,1,0.1,1,,
450,164,6,1,0.0,1,,
451,54,119,1,0.5,1,,
452,182,8,1,0.2,1,,
456,195,241,2,0.5,1,,
457,132,102,2,0.1,2,,
4165,926,100458,1,0.0,105,,
464,195,6,2,0.05,2,,
465,196,6,2,0.05,2,,
466,81,51,2,1.0,2,,
468,143,30,3,0.2,2,,
472,81,83,2,0.0,3,,
474,132,6,2,0.1,3,,
475,164,43,3,0.0,3,,
488,81,69,2,0.0,4,,
490,81,102,2,0.0,5,,
491,85,103,2,0.7,10,,
492,180,142,1,0.0,5,,
493,173,54,1,0.9,5,,
502,95,24,1,0.0,10,,
504,119,54,1,0.05,10,,
507,21,158,1,0.1,10,,
508,62,92,1,1.0,10,,
509,75,44,1,0.2,10,,
510,148,28,1,0.4,10,,
511,71,113,1,0.05,10,,
512,96,215,1,0.0,10,,
514,113,30,1,0.0,10,,
515,101,67,1,0.0,10,,
516,27,9,1,0.0,10,,
518,3,100,1,0.0,10,,
519,136,8,1,0.0,10,,
520,34,22,1,0.25,10,,
524,179,89,1,0.08,10,,
525,89,200,1,0.15,10,,
526,88,200,1,0.75,10,,
527,90,119,1,0.75,10,,
530,83,44,1,0.0,10,,
532,91,6,1,0.1,10,,
533,160,142,1,0.05,10,,
534,108,8,1,0.1,10,,
4812,708,100451,2,0.1,103,,
536,156,110,1,0.0,10,,
537,124,156,1,0.09,10,,
538,39,46,1,0.0,10,,
539,8,46,1,0.0,10,,
544,162,189,1,0.5,10,,
547,38,73,1,0.0,10,,
549,178,89,1,0.1,10,,
550,159,142,1,0.8,10,,
551,13,113,1,0.0,10,,
552,28,9,1,0.0,10,,
553,30,9,1,0.0,10,,
554,31,33,1,0.3,10,,
557,69,116,1,0.5,10,,
558,177,89,1,0.3,10,,
562,176,89,1,0.1,10,,
563,139,105,1,0.0,10,,
564,128,107,1,0.15,10,,
565,134,4,1,0.1,10,"<p>Jeff Richardson and Judith Harvey not in the list  Tim Gamblin, Ben Bayliss, Jane Hogben and Brett Glossop also not there</p>",
566,175,89,1,0.2,10,,
569,173,46,2,0.05,10,,
574,135,4,1,0.2,10,,
575,29,33,1,0.2,10,,
576,129,124,1,0.1,10,,
577,63,30,2,0.25,10,,
578,180,89,1,0.05,10,,
579,133,68,1,0.3,10,,
531,85,22,1,0.1,5,,
3999,906,100815,8,0.2,200,,
3444,807,100525,1,0.05,90,,
449,184,29,1,0.3,10,,
4181,927,100169,3,0.2,20,,
455,194,64,1,0.3,1,,
471,155,49,3,0.4,1,,
4388,946,100456,1,0.1,100,,rsp528
437,196,241,1,0.5,1,,
503,7,12,1,0.1,10,,
4651,1001,307,2,0.05,100,<p>Project oversight</p>,
444,193,112,2,0.1,1,,
528,87,60,1,0.3,,,
540,112,78,1,0.6,1,,
571,142,22,1,0.5,10,,
521,106,145,1,0.15,10,,
436,185,158,1,0.2,1,,
581,35,44,1,0.8,10,,
582,104,7,1,0.05,10,,
583,188,44,1,0.7,10,,
585,174,89,1,0.1,10,,
586,114,233,1,0.0,10,,
587,11,90,1,0.0,10,,
588,161,145,1,0.1,10,,
589,2,24,1,0.0,10,,
590,15,17,1,0.0,10,,
591,14,17,1,0.0,10,,
594,24,6,1,0.0,10,,
595,103,21,1,0.0,10,,
600,178,88,2,0.25,15,,
601,104,203,2,0.2,15,,
602,29,9,2,0.01,20,,
4018,907,100819,7,1.0,5,,
4171,925,30,3,0.3,200,,
3472,810,100663,6,0.1,100,,
3470,795,100580,6,0.2,100,,
3499,815,12,2,0.1,5,,
4376,971,100936,3,1.0,120,,
603,69,119,2,0.01,20,,
4031,912,100660,2,0.01,100,,
3412,790,100649,7,1.0,90,,
3488,813,100668,2,0.2,99,,
605,128,27,2,0.2,20,,
606,64,6,2,0.1,20,,
615,108,47,2,1.0,20,,
4172,863,100169,3,0.2,300,,
3417,788,100647,7,1.0,90,,
4177,927,22,1,0.05,1,,
4186,931,100660,1,0.05,100,,
4245,948,100873,3,0.0,150,,
593,22,158,9,0.6,110,,
505,72,57,1,1.0,10,,535-fauna
561,126,155,1,0.7,10,,
4380,972,93,1,0.0,100,,
4386,943,100939,1,0.1,100,,
4387,369,100688,2,0.01,250,,
4652,985,87,1,0.0,100,,
617,124,107,2,0.04,20,,
618,134,172,2,0.0,20,,
623,90,212,3,0.5,20,,
625,13,45,3,0.0,20,,
626,27,38,3,0.0,20,,
627,28,38,3,0.0,20,,
628,30,38,3,0.0,20,,
629,32,38,3,0.0,20,,
630,38,26,3,0.0,20,,
631,31,9,2,0.3,20,,
632,46,38,3,0.05,20,,
633,34,59,2,0.4,20,,
634,101,130,3,0.0,20,,
635,96,17,2,0.0,20,,
636,161,27,2,0.1,20,,
637,174,7,2,0.05,20,,
638,175,7,2,0.1,20,,
639,176,88,2,0.3,20,,
640,177,27,2,0.1,20,,
641,162,89,2,0.02,20,,
642,62,127,2,1.0,20,,
643,8,54,3,0.0,20,,
644,39,54,2,0.0,20,,
645,156,71,3,0.0,20,,
648,83,10,2,0.0,20,,
650,149,15,3,0.4,20,,
652,178,7,2,0.05,20,,
653,179,87,2,0.05,20,,
656,3,212,3,0.0,20,,
657,119,205,2,0.2,40,<p>with regional services</p>,
658,136,6,2,0.0,20,,
659,180,1,2,0.5,20,,
660,129,126,3,0.1,20,,
662,21,157,3,0.8,20,,
665,95,55,3,0.0,20,,
668,166,106,2,0.0,20,,
670,173,50,2,0.05,20,,
671,84,45,3,0.0,20,,
672,14,231,3,0.0,20,,
673,15,231,3,0.0,20,,
674,2,55,3,0.0,20,,
675,11,232,3,0.0,20,,
676,114,145,2,0.0,20,,
677,188,217,3,0.95,20,,
680,63,70,1,0.01,20,<p>Janet Farr only in supervisory capacity</p>,
681,20,63,3,0.0,20,,
684,104,88,2,0.2,20,,
685,148,15,3,0.2,20,,
686,128,78,2,0.1,30,,
689,156,79,3,0.0,30,,
691,64,8,2,0.1,30,,
3392,761,100642,6,0.0,100,,
693,119,46,3,0.8,20,,
694,180,204,3,0.25,30,,
695,30,33,2,0.0,30,,
696,28,33,2,0.0,30,,
697,27,33,2,0.0,30,,
699,176,7,2,0.05,30,,
700,147,20,3,0.0,30,,
701,31,38,3,0.05,30,,
702,177,145,2,0.1,30,,
703,96,131,2,0.0,30,,
704,29,38,3,0.05,30,,
706,134,211,2,0.0,30,,
707,38,161,3,0.0,30,,
708,13,125,3,0.0,30,,
709,166,127,3,0.1,30,,
710,123,129,2,0.01,30,,
711,175,27,2,0.1,30,,
712,142,91,3,0.8,30,,
713,133,89,2,0.05,30,,
3396,788,100518,1,0.1,100,,
716,2,52,3,0.0,30,,
717,20,52,3,0.0,30,,
722,71,63,3,0.2,20,,
724,124,129,2,0.04,30,<p>GMER</p>,
726,146,20,3,0.0,3,,
622,94,108,2,0.3,20,,
682,169,242,2,0.01,3,,
664,7,187,3,0.1,20,,
651,112,49,3,0.1,2,,
669,111,49,3,0.05,2,,
655,106,156,2,0.05,20,,
580,111,78,1,0.1,1,,
4000,906,270,8,0.2,300,,
734,175,145,2,0.1,40,,
735,166,92,2,0.05,40,,
736,177,88,2,0.4,40,,
737,162,88,2,0.1,40,,
739,124,145,2,0.03,40,,
4019,907,100820,2,0.01,6,,
741,96,70,2,0.0,40,<p>Project complete</p>,
743,119,50,2,0.05,30,,
745,95,98,3,0.0,40,,
748,173,205,2,0.0,40,,
751,20,159,3,0.0,40,,
752,2,98,3,0.0,40,,
754,35,21,2,0.05,40,,
755,188,69,2,0.02,40,,
756,133,151,2,0.05,40,,
758,34,108,2,0.25,40,,
760,28,65,3,0.0,40,,
761,30,65,3,0.0,40,,
762,27,65,3,0.0,40,,
764,13,63,3,0.0,40,,
766,29,65,3,0.03,40,,
769,147,65,3,0.0,50,,
770,20,100,2,0.0,50,,
774,34,48,3,0.75,50,,
775,133,239,3,0.1,50,,
776,175,88,2,0.1,50,,
777,146,65,3,0.0,4,,
778,177,156,2,0.4,50,,
779,129,25,2,0.05,50,,
4166,926,100105,6,0.0,101,,
607,59,6,1,0.1,20,,
783,84,17,2,0.0,50,,
3393,760,100643,6,0.0,100,,
789,96,45,3,0.0,50,,
792,166,11,2,0.05,50,,
796,129,114,2,0.05,60,,
798,177,107,2,0.4,60,,
799,96,63,3,0.0,60,,
3397,788,100462,1,0.1,200,,
782,64,146,3,0.0,50,,
616,125,47,1,0.1,20,,
4173,865,100169,3,0.2,400,,
750,26,10,8,0.0,40,,
4653,985,307,2,0.0,100,,
661,72,115,3,1.0,20,,535-fauna
801,147,37,3,0.0,60,,
802,124,62,2,0.02,60,<p>GMER</p>,
803,133,240,3,0.1,60,,
804,34,73,2,0.4,60,,
805,146,37,3,0.0,5,,
807,175,233,2,0.0,60,,
813,34,91,3,0.1,65,,
814,175,156,2,0.1,70,,
4389,946,100941,7,0.25,200,,
817,34,26,3,0.8,70,,
821,96,159,3,0.0,70,,
827,175,107,2,0.1,80,,
830,96,121,3,0.0,80,,
831,34,161,3,0.4,80,,
832,175,87,2,0.05,90,,
833,96,30,3,0.0,90,,
835,82,30,3,0.1,90,,
843,123,62,2,0.01,100,"(2010-2011)
",
845,41,163,1,0.75,,,
847,48,163,1,0.05,,,
848,78,55,3,0.1,,,
850,49,171,2,1.0,,,
851,67,22,2,1.0,,,
852,49,172,3,0.01,,,
853,67,183,1,0.6,,,
854,20,17,1,0.0,,,
855,133,62,2,0.0,70,,
856,98,124,2,,100,,
857,65,24,1,1.0,,,
858,140,21,1,0.0,,,
859,10,90,1,0.0,,,
860,67,184,3,1.0,,,
862,141,91,3,0.0,,,
863,4,120,1,0.1,,,
864,141,22,1,0.1,,,
866,99,114,1,0.1,,,
867,78,52,3,0.1,,,
868,37,60,1,0.0,,,
872,60,60,1,0.25,,,
873,49,170,1,0.02,,,
874,53,44,1,0.2,,,
876,65,55,3,0.5,,,
881,140,139,2,0.0,,,
882,1,40,1,0.0,,,
883,78,182,3,0.1,,,
886,153,4,1,0.0,,,
4646,1022,100939,2,0.05,100,"<p>Participating in an operational capacity, in-kind boat crew and professional development opportunity to upskill.</p>",
772,80,10,2,0.05,30,,
797,80,108,2,0.2,30,,
819,80,22,2,0.05,30,,
824,80,97,3,0.5,70,,
790,94,99,2,0.05,20,,
781,94,64,2,0.05,100,,
742,80,29,2,0.05,30,"Terrestrial fauna
",
849,120,99,1,0.05,10,,
889,110,46,2,0.1,10,,
890,65,52,3,0.5,,,
894,60,212,3,0.4,,,
818,109,105,3,0.1,30,,
897,65,182,3,0.5,,,
899,52,12,1,0.01,,,
900,50,170,1,0.02,,,
903,70,121,1,0.5,10,,
906,79,66,2,0.1,,,
907,79,30,1,0.2,,,
910,133,129,2,0.0,,,
911,65,113,2,0.01,,<p>PhD Supervising Panel</p>,
912,122,89,1,0.0,100,,
913,122,189,2,0.0,200,,
914,122,190,2,0.0,300,,
915,122,191,2,0.0,400,,
916,181,110,1,0.15,,,
918,100,17,1,0.0,,,
919,23,17,1,0.0,,,
920,9,17,1,0.0,,,
921,6,42,1,0.75,,,
926,12,30,1,0.0,,,
927,140,178,2,0.0,,,
928,122,192,3,0.0,500,,
929,122,193,3,0.0,600,,
930,122,194,3,0.0,700,,
931,122,195,3,0.0,800,,
934,140,132,3,0.0,,,
937,107,22,1,0.1,,,
940,19,158,1,0.0,,,
941,16,158,1,0.1,,,
942,17,158,1,0.05,,,
946,67,185,3,1.0,,,
947,67,186,3,1.0,,,
948,110,54,3,0.5,20,,
949,78,212,3,0.5,,,
950,190,112,1,0.0,,,
951,115,226,1,0.6,,,
952,79,179,2,0.02,,,
953,133,156,2,0.0,,,
956,68,12,2,0.05,,,
957,68,187,3,0.3,,,
963,78,119,1,0.5,,,
964,41,164,3,1.0,,,
968,367,252,1,1.0,100,,
978,370,22,1,0.1,100,,
980,148,21,1,0.1,100,,
981,251,145,2,0.0,20,,
4654,985,100800,8,0.0,100,,
986,282,156,2,0.1,300,,
990,258,172,7,1.0,100,,
994,370,91,3,0.1,100,,
4655,979,101037,7,100.0,,,
1001,248,88,1,0.0,100,,
1004,246,11,1,0.0,200,,
1005,177,62,2,0.2,100,,
1008,268,68,2,0.0,200,,
1010,273,6,2,0.0,200,,
1012,278,25,1,0.0,200,,
1013,278,150,2,0.0,300,,
1014,279,114,2,0.0,200,,
1015,279,97,3,0.0,300,,
1016,279,111,2,0.0,400,,
1017,281,156,2,0.0,200,,
1019,283,68,2,0.0,200,,
1020,286,227,2,0.0,200,,
1021,286,208,2,0.0,300,,
1023,290,6,2,0.0,200,,
1035,361,93,2,0.0,200,,
1036,361,108,2,0.0,300,,
1037,361,29,2,0.0,400,,
871,187,29,2,0.1,20,,
4174,865,91,3,0.05,500,,
836,86,30,3,0.5,150,,
4377,971,100937,3,1.0,110,,
1039,301,156,2,0.0,200,,
1040,304,115,3,0.0,200,,
1041,306,145,2,0.0,200,,
1042,307,107,2,0.0,200,,
1046,313,120,2,0.0,200,,
4001,906,100561,8,0.1,400,,
1048,317,26,3,0.0,200,,
1049,318,26,3,0.0,200,,
1050,319,26,3,0.0,200,,
1052,322,55,3,0.0,300,,
1053,322,98,3,0.0,400,,
1054,326,103,3,0.0,200,,
1056,327,91,3,0.0,300,,
1057,328,120,2,0.0,100,,
1059,328,137,3,0.0,100,,
901,80,114,2,0.05,60,,
944,145,93,1,0.4,10,"0.1 - 0.4
",
973,365,114,1,0.1,20,,
3394,758,100644,6,0.0,100,,
1030,297,77,3,0.5,4,,
1034,297,143,3,0.5,5,,
1025,293,137,2,0.0,300,,
1006,26,102,2,0.0,70,,
3398,787,100518,1,0.1,100,,
1044,310,109,3,-1.0,200,,
1038,361,120,8,0.0,500,,
1026,294,261,8,0.0,200,,
1027,294,262,4,0.0,300,,
974,365,10,1,0.1,10,,
3418,788,100561,6,0.1,300,,
1060,328,108,2,0.0,100,,
1061,328,64,2,0.0,600,,
1062,328,60,2,0.0,700,,
4431,883,100966,3,0.6,70,,538
4650,1023,101031,8,0.5,100,,
1071,340,34,2,0.0,200,,
1075,344,27,2,0.0,200,,
1076,344,145,2,0.0,300,,
1077,344,107,2,0.0,400,,
1078,344,88,2,0.0,500,,
1079,344,156,2,0.0,600,,
1080,351,59,3,0.0,200,,
1081,356,263,3,0.0,200,,
1083,358,52,3,0.0,200,,
1084,358,55,3,0.0,300,,
1085,358,98,3,0.0,400,,
1087,362,86,2,0.0,200,,
1088,362,82,2,0.0,300,,
1119,188,294,2,0.0,100,,
1120,188,295,2,0.0,200,,
1121,34,289,2,0.0,100,,
1122,70,296,9,0.0,100,,
1127,108,270,2,0.0,100,,
1130,133,300,2,0.0,100,,
1131,133,301,2,0.0,200,,
1132,133,302,2,0.0,300,,
1133,133,303,2,0.0,400,,
1134,133,304,2,0.0,500,,
1135,133,305,2,0.0,600,,
1136,133,306,2,0.0,700,,
1140,198,55,3,0.0,100,,
1142,198,98,3,0.0,300,,
3471,795,100663,6,0.1,100,,
1149,299,120,1,0.2,100,,
1150,299,93,1,0.1,100,,
1151,299,29,2,0.1,200,,
1152,299,108,2,0.1,150,,
1160,145,29,2,0.1,500,,
1162,394,99,2,0.0,300,,
1164,394,22,2,0.0,500,,
1165,394,93,2,0.0,600,,
1170,394,114,2,0.0,200,,
1174,403,22,2,0.0,200,,
1181,406,10,2,0.0,200,,
1182,406,251,2,0.0,300,,
1183,406,99,2,0.0,400,,
1184,407,224,2,0.0,200,,
1185,407,211,3,0.0,300,,
1186,409,114,2,0.0,200,,
1188,407,126,3,0.0,100,,
1189,398,22,2,0.0,100,,
1199,278,10,2,0.0,100,,
1200,279,10,2,0.0,100,,
1201,394,91,3,0.0,100,,
1202,394,97,3,0.0,100,,
1203,303,10,2,0.0,100,,
1205,308,10,2,0.0,100,,
1207,332,10,2,0.0,100,,
1209,409,97,3,0.0,100,,
1210,362,10,2,0.0,100,,
1216,147,38,3,0.0,2,,
1217,146,38,3,0.0,2,,
1224,432,29,1,0.0,10,,
1225,431,142,1,0.05,10,,
1226,430,90,1,0.0,10,,
1227,429,24,1,0.0,10,,
1228,428,24,1,0.0,10,,
1229,427,24,1,0.0,10,,
1230,426,24,1,0.0,10,,
1231,425,110,1,0.0,10,,
1233,423,46,1,0.0,10,,
938,145,99,1,0.8,10,<p>0.1 - 0.4</p>,
1011,273,102,2,0.0,300,,
4168,926,100864,6,0.0,103,,
3473,811,100664,7,1.0,100,,
3445,807,100517,1,0.1,100,,
1234,422,131,1,0.0,10,,
1235,421,67,1,0.0,10,,
1236,420,67,1,0.0,10,,
1167,399,99,1,0.0,300,,
1238,418,119,1,0.0,10,,
1193,393,25,2,1.0,300,,
1208,332,21,8,0.0,100,,
4175,863,100451,2,0.25,75,,
1196,274,10,1,0.0,100,,
1166,393,108,1,0.0,200,,
1070,334,251,1,1.0,200,,
1197,389,10,2,0.1,2,,
1175,404,60,2,0.1,2,,
1237,419,12,1,0.1,2,,
1190,405,12,2,0.05,2,,
1180,400,251,1,1.0,1,,
1156,385,29,1,0.1,11,,
1239,417,155,1,0.0,10,,
4178,927,100837,2,0.05,10,,
4182,927,91,3,0.1,100,,
4402,865,100873,3,0.0,410,,
4410,731,100950,9,0.0,70,,
4416,960,100955,8,0.05,3,,
4427,974,30,3,0.05,300,,
1241,415,78,1,0.0,10,,
1242,414,158,1,0.0,10,,
1243,413,89,1,0.0,10,,
1246,410,11,1,0.0,10,,
1247,409,10,1,0.0,10,,
1248,408,10,1,0.0,10,,
1249,407,10,1,0.0,10,,
1250,406,12,1,0.0,10,,
1253,403,10,1,0.0,10,,
1255,401,10,1,0.0,10,,
1258,398,10,1,0.0,10,,
1259,397,10,1,0.0,10,,
1260,396,10,1,0.0,10,,
1262,394,10,1,0.0,10,,
4432,974,100969,2,0.05,1000,,
1268,388,10,1,0.0,10,,
1270,386,10,1,0.0,10,,
1272,384,110,1,0.0,10,,
1273,383,24,1,0.0,10,,
1274,382,24,1,0.0,10,,
1275,381,4,1,0.0,10,,
1276,380,24,1,0.0,10,,
1277,379,24,1,0.0,10,,
1278,378,86,1,0.0,10,,
1280,376,22,1,0.0,10,,
1281,375,6,1,0.0,10,,
1282,374,6,1,0.0,10,,
1283,373,156,1,0.0,10,,
1284,372,145,1,0.01,10,,
1285,371,47,1,0.0,10,,
1288,367,6,1,0.0,10,,
1292,362,139,1,0.0,10,,
1293,361,22,1,0.0,10,,
4167,926,100107,6,0.0,102,,
1295,359,93,1,0.0,10,,
1296,358,24,1,0.0,10,,
1297,357,121,1,0.0,10,,
1298,356,112,1,0.0,10,,
1299,355,17,1,0.0,10,,
1300,354,45,1,0.0,10,,
1301,353,99,1,0.0,10,,
1302,352,38,1,0.0,10,,
1303,351,22,1,0.0,10,,
1304,350,99,1,0.0,10,,
1305,349,99,1,0.0,10,,
1306,348,142,1,0.0,100,,
1307,347,46,1,0.0,10,,
1309,345,151,1,0.0,10,,
1310,344,89,1,0.0,10,,
1311,343,89,1,0.0,10,,
1312,342,10,1,0.0,10,,
1314,340,11,1,0.0,10,,
1317,337,38,1,0.0,10,,
1318,336,12,1,0.0,10,,
1319,335,131,1,0.0,10,,
1321,333,10,1,0.0,10,,
1322,332,139,1,0.0,10,,
1323,331,6,1,0.0,10,,
1325,329,112,1,0.0,10,,
1326,328,93,1,0.0,10,,
1327,327,22,1,0.0,10,,
1328,326,22,1,0.0,10,,
1329,325,156,1,0.0,10,,
1331,323,110,1,0.0,10,,
1332,322,24,1,0.0,10,,
1333,321,78,1,0.0,10,,
1334,320,46,1,0.0,10,,
1335,319,73,1,0.0,10,,
1336,318,73,1,0.0,10,,
1337,317,73,1,0.0,10,,
1338,316,38,1,0.0,10,,
4176,863,100641,2,0.1,80,,
1340,314,38,1,0.0,10,,
1341,313,93,1,0.0,10,,
1342,312,151,1,0.0,10,,
1343,311,38,1,0.0,10,,
1346,308,57,1,0.0,10,,
1347,307,27,1,0.0,10,,
1348,306,27,1,0.0,10,,
1349,305,57,1,0.0,10,,
1350,304,57,1,0.0,10,,
1351,303,111,1,0.0,10,,
1353,301,145,1,0.0,10,,
1355,299,22,1,0.0,10,,
1356,298,38,1,0.0,10,,
1358,296,142,1,0.0,10,,
1360,294,113,1,0.0,10,,
1361,293,12,1,0.0,10,,
1363,291,112,1,0.0,10,,
1364,290,86,1,0.0,10,,
1367,287,92,1,0.0,10,,
1368,286,93,1,0.0,10,,
1369,285,68,1,0.0,10,,
3399,787,268,6,0.05,200,,
1371,283,145,1,0.0,10,,
1372,282,145,1,0.0,10,,
1373,281,145,1,0.0,10,,
1374,280,78,1,0.0,10,,
1375,279,99,1,0.0,10,,
1376,278,99,1,0.0,10,,
1377,277,155,1,0.0,10,,
1378,276,145,1,0.0,10,,
1379,275,21,1,0.0,10,,
1381,273,11,1,0.0,10,,
1382,272,60,1,0.0,10,,
1344,310,57,1,0.5,10,,
4433,975,100541,2,0.25,100,,
1254,402,12,2,0.1,10,,
1290,364,142,1,0.1,1,,
4212,936,100472,1,0.8,,<p>Biodiversity Knowledge Team Leader</p>,
1264,392,60,1,0.4,10,,
4435,754,100730,3,0.05,100,,
4372,970,100911,1,1.0,100,,
1316,338,158,1,0.4,10,,
1320,334,12,2,0.1,10,,
1366,288,12,2,0.1,10,,
1279,377,22,1,0.05,105,,
4374,971,100911,1,1.0,100,,
1251,405,10,1,0.05,1,,
4436,976,93,1,0.1,100,,
1261,395,10,1,0.0,10,,
1263,393,10,2,0.0,10,,
1384,270,8,1,0.0,10,,
1385,269,8,1,0.0,10,,
1386,268,145,1,0.0,10,,
1387,267,145,1,0.0,10,,
1388,266,145,1,0.0,10,,
1389,265,142,1,0.0,10,,
1390,264,142,1,0.0,30,,
1391,263,24,1,0.0,10,,
1392,262,24,1,0.0,10,,
1393,261,24,1,0.0,10,,
1394,260,24,1,0.0,10,,
4816,1050,100151,1,0.1,100,,
1245,411,40,8,0.5,1000,,
1395,259,24,1,0.0,10,,
1396,258,10,1,0.0,10,,
1397,257,110,1,0.0,10,,
1398,256,11,1,0.0,10,,
1400,254,12,1,0.0,10,,
1401,253,102,1,0.0,10,,
1403,251,27,1,0.0,10,,
1404,250,27,1,0.0,10,,
1405,249,158,1,0.0,10,,
1406,248,89,1,0.0,10,,
1407,247,151,1,0.0,10,,
1408,246,6,1,0.0,10,,
1409,245,6,1,0.0,10,,
1410,244,29,1,0.0,10,,
1411,243,57,1,0.0,10,,
1412,242,57,1,0.0,10,,
1413,241,57,1,0.0,10,,
1414,240,57,1,0.0,10,,
1415,239,57,1,0.0,10,,
1416,238,57,1,0.0,10,,
1417,237,66,1,0.0,10,,
1427,190,112,1,0.0,10,,
1428,189,67,1,0.0,10,,
1435,182,8,1,0.0,10,,
1436,181,110,1,0.0,10,,
1437,180,142,1,0.0,10,,
1438,179,89,1,0.0,10,,
1443,174,89,1,0.0,10,,
1444,173,54,1,0.0,10,,
1445,172,90,1,0.0,10,,
1446,171,90,1,0.0,10,,
1452,165,123,1,0.0,10,,
1454,163,116,1,0.0,10,,
1455,162,189,1,0.0,10,,
1460,157,87,1,0.0,10,,
1465,152,4,1,0.0,10,,
4169,926,100863,7,0.0,104,,
1469,148,21,1,0.0,10,,
1472,236,10,1,0.0,10,,
1473,235,17,1,0.0,10,,
1478,141,22,1,0.0,10,,
1479,140,21,1,0.0,10,,
1481,138,21,1,0.0,10,,
1485,134,4,1,0.0,10,,
1486,133,145,1,0.0,10,,
1488,131,118,1,0.0,10,,
1490,129,124,1,0.0,10,,
1494,234,1,1,0.0,10,,
1496,124,145,1,0.0,10,,
1498,122,89,1,0.0,10,,
1505,115,226,1,0.0,10,,
1506,114,145,1,0.0,10,,
1507,113,30,1,0.0,10,,
1510,110,50,1,0.0,5,,
1513,107,22,1,0.0,10,,
1516,233,10,1,0.0,10,,
1517,232,24,1,0.0,10,,
1518,104,7,1,0.0,10,,
1520,102,110,1,0.0,10,,
1522,100,17,1,0.0,10,,
1524,98,114,1,0.0,10,,
1525,97,57,1,0.0,10,,
1526,96,215,1,0.0,10,,
1529,93,88,1,0.0,10,,
1530,92,12,1,0.0,10,,
1533,89,200,1,0.0,10,,
1538,84,63,1,0.0,10,,
1539,83,44,1,0.0,10,,
1543,79,30,1,0.0,10,,
1544,78,119,1,0.0,10,,
1545,77,173,1,0.0,10,,
1546,76,173,1,0.0,10,,
1548,74,188,1,0.0,10,,
1549,73,163,1,0.0,10,,
1553,69,116,1,0.0,10,,
1554,68,12,1,0.0,10,,
1555,67,22,1,0.0,10,,
1556,66,120,1,0.0,10,,
1557,65,24,1,0.0,10,,
1561,61,17,1,0.0,10,,
1562,60,60,1,0.0,10,,
1564,58,173,1,0.0,10,,
1565,57,173,1,0.0,10,,
1566,56,173,1,0.0,10,,
1568,54,119,1,0.0,10,,
1569,53,44,1,0.0,10,,
1570,52,12,1,0.0,10,,
1571,51,170,1,0.0,10,,
1572,50,170,1,0.0,10,,
1573,49,170,1,0.0,10,,
1574,48,163,1,0.0,10,,
1575,47,114,1,0.0,10,,
1576,46,38,1,0.0,10,,
1577,45,113,1,0.0,10,,
1578,44,113,1,0.0,10,,
1581,41,163,1,0.0,10,,
1582,40,90,1,0.0,10,,
1585,37,60,1,0.0,10,,
1589,33,131,1,0.0,10,,
1590,32,38,1,0.0,10,,
1592,30,9,1,0.0,10,,
1594,28,9,1,0.0,10,,
1595,27,38,1,0.0,10,,
1528,94,93,1,0.1,0,,
4002,906,100560,8,0.1,500,,
4647,1022,307,2,0.005,100,<p>Participating in an advisory capacity.</p>,
1580,42,165,1,0.0,11,,
1399,255,12,1,0.05,2,,
4656,979,101038,6,0.0,100,,
1499,121,100,1,0.05,100,,
1598,25,131,1,0.0,10,,
1459,158,87,1,0.2,10,,
1600,231,110,1,0.0,10,,
1601,23,17,1,0.0,10,,
1603,21,158,1,0.0,10,,
1604,230,131,1,0.0,10,,
1605,20,17,1,0.0,10,,
1606,229,110,1,0.0,10,,
1607,19,158,1,0.0,10,,
1608,18,60,1,0.0,10,,
1609,228,66,1,0.0,10,,
1610,17,158,1,0.0,10,,
1611,227,1,1,0.0,10,,
1612,16,158,1,0.0,10,,
1613,226,1,1,0.0,10,,
1614,225,1,1,0.0,10,,
1615,2,24,1,0.0,10,,
1616,223,110,1,0.0,10,,
1617,15,17,1,0.0,10,,
1618,14,17,1,0.0,10,,
1620,221,113,1,0.0,10,,
1621,13,113,1,0.0,10,,
1622,12,30,1,0.0,10,,
1623,11,90,1,0.0,10,,
1624,10,90,1,0.0,10,,
1625,9,17,1,0.0,10,,
1626,8,46,1,0.0,10,,
1628,6,42,1,0.0,10,,
1630,4,120,1,0.0,10,,
1632,224,24,1,0.0,10,,
1633,1,40,1,0.0,10,,
1634,220,44,1,0.0,10,,
1635,219,76,1,0.0,10,,
1636,218,17,1,0.0,10,,
1637,217,76,1,0.0,10,,
1638,216,76,1,0.0,10,,
1639,215,10,1,0.0,10,,
1640,214,10,1,0.0,10,,
1641,213,10,1,0.0,10,,
1642,212,10,1,0.0,10,,
1643,211,17,1,0.0,10,,
1644,210,10,1,0.0,10,,
1645,209,10,1,0.0,10,,
1646,208,1,1,0.0,10,,
1647,207,10,1,0.0,10,,
1648,206,76,1,0.0,10,,
1649,205,76,1,0.0,10,,
1650,204,90,1,0.0,10,,
1651,203,90,1,0.0,10,,
1652,202,90,1,0.0,10,,
1653,201,90,1,0.0,10,,
1654,200,90,1,0.0,10,,
1655,199,17,1,0.0,10,,
1662,436,129,1,0.9,50,,
1670,439,145,1,0.0,10,,
1672,439,100004,7,1.0,50,,
1673,439,100006,6,0.0,100,,
1674,251,100007,7,0.0,100,,
1676,250,100008,6,0.0,120,,
1677,250,100009,7,0.0,100,,
1678,372,100010,7,1.0,100,,
1679,372,100011,6,0.0,110,,
4003,906,100525,2,0.1,600,,
1689,442,24,1,0.0,100,,
1692,443,24,1,0.0,100,,
1693,444,24,1,0.0,100,,
1694,445,24,1,0.0,10,,
4645,1022,87,2,0.005,100,<p>Participating in an advisory capacity</p>,
1701,446,100026,7,0.0,80,,
1702,446,100027,6,0.0,90,,
1704,348,100027,8,0.2,50,,
1707,265,100020,7,0.0,50,,
1708,265,100021,6,0.0,60,,
1709,265,100023,6,0.0,80,,
1710,265,100025,6,0.0,95,,
4043,913,100823,8,0.01,700,,
1713,348,100029,8,0.0,95,,
1714,348,100025,8,0.0,95,,
1716,264,100030,7,0.0,50,,
1717,264,100031,6,0.0,90,,
1725,431,100019,7,1.0,50,,
1726,431,100021,6,0.05,60,,
1729,269,34,7,0.0,100,,
1730,269,100033,6,0.0,200,,
1733,237,100034,6,0.0,100,,
1735,242,100036,6,0.0,100,,
1736,241,100035,6,0.0,100,,
1737,243,100035,6,0.0,100,,
1738,237,121,7,0.0,50,,
1739,242,100038,7,0.0,50,,
1740,241,100039,7,0.0,50,,
1741,243,100040,7,0.0,100,,
1742,238,100041,7,0.0,100,,
1743,238,100042,6,0.0,100,,
1746,240,100044,7,0.0,100,,
1747,240,100035,6,0.0,100,,
1748,245,100045,7,0.0,100,,
1749,245,100046,6,0.0,200,,
1750,245,100047,6,0.0,250,,
1751,246,100048,7,0.0,300,,
1752,246,100049,6,0.0,400,,
1687,85,100014,8,0.0,100,,
1619,222,70,1,0.0,10,This project has been superceeded,
1703,446,100028,6,0.05,95,"
",
1664,437,62,1,0.05,98,,
3400,786,100518,1,0.1,100,,
1667,26,6,1,0.0,10,,
4056,890,100805,2,0.0,99,,
4378,970,100936,3,1.0,120,,
4049,154,100830,3,0.4,4,,
4818,925,101108,3,1.0,150,,
1753,256,100050,7,0.0,100,,
1754,256,123,6,0.0,100,,
1756,256,100052,6,0.0,130,,
1757,256,106,6,0.0,120,,
1760,357,264,3,0.0,100,,
1761,436,145,1,0.05,100,,
1763,97,115,9,0.0,100,,
1764,97,109,3,0.0,100,,
1769,247,100062,7,0.0,100,,
1770,247,100063,6,0.0,200,,
1771,413,100064,7,0.0,100,,
1772,413,100065,6,0.0,110,,
1773,414,100066,7,0.0,100,,
1774,414,100067,6,0.0,110,,
1775,249,100068,7,0.0,100,,
1776,249,100069,6,0.0,110,,
1777,371,100070,7,0.0,100,,
1661,435,57,1,0.25,100,,
1778,371,100061,6,0.0,120,,
1779,415,100071,7,0.0,100,,
1780,415,78,6,0.0,100,,
1785,251,100008,6,0.0,120,,
1786,417,100075,7,0.0,100,,
1787,417,100076,6,0.0,120,,
1788,252,100077,7,0.0,100,,
1789,252,100078,6,0.0,110,,
1790,252,100079,6,0.0,130,,
1791,252,100080,6,0.0,160,,
1794,254,80,7,0.0,100,,
1798,376,100084,7,0.0,100,,
1799,376,100085,6,0.0,110,,
1800,377,100086,7,0.0,100,,
1801,377,100082,6,0.0,110,,
1802,420,100087,7,0.0,100,,
1803,420,266,6,0.0,110,,
1806,422,100091,7,0.0,100,,
1807,422,100092,6,0.0,120,,
1808,422,100093,6,0.0,130,,
1809,423,100094,7,0.0,100,,
1810,423,100093,6,0.0,120,,
1813,425,100097,7,0.0,100,,
1814,425,100093,6,0.0,120,,
4180,928,60,1,0.2,100,,
4032,912,100826,7,1.0,200,,
4183,927,100835,2,0.0,11,,
4187,931,100060,6,0.1,100,,
1815,257,100098,7,0.0,100,,
1816,257,100093,6,0.0,120,,
1817,257,100092,6,0.0,140,,
1818,258,100099,6,0.0,110,,
1819,258,266,6,0.0,140,,
1820,258,270,6,0.0,160,,
1821,382,100100,7,0.0,100,,
1822,382,100101,6,0.0,120,,
1823,261,100102,7,0.0,100,,
1824,261,100101,6,0.0,120,,
1825,263,100103,7,0.0,100,,
1826,263,100035,6,0.0,120,,
1827,380,100104,7,0.0,100,,
1828,380,100105,6,0.0,110,,
1829,380,100106,6,0.0,130,,
1830,380,100107,6,0.0,140,,
1831,380,100108,6,0.0,160,,
1832,259,100109,7,0.0,100,,
1833,259,100110,6,0.0,120,,
1834,444,100111,7,0.0,110,,
1835,262,100112,7,0.0,100,,
1836,262,100101,6,0.0,110,,
1837,262,100113,6,0.0,130,,
1839,260,100115,7,0.0,100,,
1840,260,100101,6,0.0,110,,
1841,260,100116,6,0.0,120,,
1842,427,100117,7,0.0,100,,
1843,427,100118,6,0.0,110,,
1844,429,100119,7,0.0,100,,
1845,429,100120,6,0.0,110,,
1846,429,100121,6,0.0,130,,
1847,443,100122,7,0.0,100,,
1848,426,100123,7,0.0,100,,
1849,426,100118,6,0.0,110,,
1851,445,100124,7,0.0,100,,
1852,445,100125,6,0.0,110,,
4284,950,100903,2,0.4,4,,
1854,442,100127,7,0.0,110,,
1855,430,100128,7,0.0,100,,
1856,430,100129,6,0.0,110,,
4658,978,101039,7,-5.0,100,,
1859,446,142,1,0.0,0,,
1860,270,100131,7,0.0,100,,
1861,270,100132,6,0.0,110,,
1871,386,12,2,0.0,100,,
1872,386,93,2,0.0,100,,
1878,383,100137,7,0.0,100,,
1879,379,100138,7,0.0,100,,
1880,254,100101,6,0.0,200,,
1883,266,100142,7,0.0,100,,
1884,266,100143,6,0.0,120,,
1886,267,100141,6,0.0,110,,
1887,443,100101,6,0.0,110,,
4342,940,100641,1,0.2,50,,
1889,444,100101,6,0.0,120,,
1890,442,100101,6,0.0,120,,
1891,379,100101,6,0.0,120,,
1892,383,100101,6,0.0,120,,
1893,443,100147,6,0.0,130,,
1894,444,100147,6,0.0,130,,
1895,442,100147,6,0.0,130,,
1899,451,139,1,0.0,100,,
1900,451,21,1,0.0,200,,
1901,451,6,1,0.0,300,,
1902,451,100133,6,0.0,1000,,
1903,451,100148,7,0.0,500,,
1912,452,307,1,0.1,100,,
1865,365,97,3,0.1,100,Temporary field technical officer,
1805,421,100090,6,0.1,110,,
1875,449,113,1,0.1,2,,
1876,449,12,1,0.1,3,<p>DPaW supervisor</p>,
1804,421,100089,7,1.0,100,,
1882,449,100140,6,0.1,5,,
1796,419,83,7,1.0,1,,
1797,419,100035,6,0.2,3,,
1792,255,100081,7,1.0,1,<p>PhD submitted March 2016</p>,
1793,255,100035,6,0.1,3,,
4184,927,100873,3,0.0,100,,
1917,455,47,1,0.0,100,,
3401,786,268,6,0.05,200,,
4188,931,100875,7,1.0,100,,
1922,457,6,1,0.0,100,,
1938,292,17,1,0.0,100,,
1942,462,22,2,0.1,18,,
991,80,93,1,0.05,20,,
1927,458,100155,1,0.2,10,,
1928,458,100057,2,0.5,20,,
1929,458,100157,3,0.4,30,,
1930,458,100156,3,0.2,40,,
1925,460,22,1,0.1,10,,
1932,460,91,3,0.1,20,,
1998,471,21,1,0.0,100,,
4246,949,22,1,0.0,10,,
1940,462,108,2,0.1,15,,
3474,811,100663,6,0.1,100,,
1947,463,145,1,0.0,100,,
1945,155,100163,3,0.4,2,,
1950,464,145,1,0.0,100,,
1951,464,62,1,0.0,100,,
1952,464,100164,7,1.0,100,,
1953,169,100016,2,0.1,2,,
3632,837,100398,6,0.05,104,,
1972,351,91,3,0.0,100,,
1962,466,145,1,0.0,100,,
1965,466,100168,7,0.0,500,,
1966,467,24,1,0.0,100,,
1968,468,24,1,0.0,100,,
1969,468,100170,7,1.0,100,,
646,36,32,1,1.0,20,,
1931,459,100151,1,0.4,10,,
1967,467,100169,7,0.5,1,"Adrian Barrett, Murdoch University",
2002,474,24,1,0.0,100,,
4819,1050,101106,8,0.5,100,,
1983,465,100179,6,0.0,99,,
1984,465,100180,6,0.0,99,,
439,197,17,2,0.05,5,,
1935,462,73,1,0.3,10,,
1936,462,26,3,0.7,20,,
1937,462,161,3,0.4,30,,
1987,469,51,1,0.4,10,,
2006,463,100164,7,1.0,100,,
2007,463,100141,6,0.0,100,,
2009,416,100072,7,0.0,120,,
2010,474,100170,7,0.0,100,,
2011,416,106,6,0.0,200,,
2012,416,100073,6,0.0,400,,
4295,961,100903,2,0.8,3,,
4350,964,100928,6,0.0,100,,
1906,170,156,1,0.2,1,,
4358,969,100899,7,1.0,1,,
4363,969,100901,8,0.1,5,,
4736,1037,100545,2,1.0,50,,540
2004,474,100184,6,0.0,100,,
2005,474,100185,6,0.0,100,,
2013,470,266,6,0.0,300,,
1995,470,11,1,0.0,100,,
1964,466,100167,6,0.0,100,,
2014,470,100186,7,0.0,250,,
2000,470,82,2,0.0,200,,
1963,466,100006,6,0.0,100,,
1948,463,62,2,0.0,100,,
4434,975,100377,1,0.1,100,,
2033,477,22,1,0.1,120,,
2038,402,80,1,1.0,100,,
2040,402,85,3,1.0,100,,
2042,334,254,3,1.0,100,,
2043,288,80,1,1.0,100,,
2044,288,85,3,1.0,100,,
2039,400,254,3,1.0,3,,
4185,927,100874,3,0.0,100,,
2046,479,158,1,0.2,100,,
2048,481,158,1,0.0,100,,
4189,931,100876,6,0.1,100,,
4247,949,100892,8,0.0,100,,
2073,144,100053,2,0.2,10,,
2047,480,158,1,0.2,100,,
2050,482,149,3,1.0,2,,
4659,978,101040,6,0.0,100,,
4813,858,101102,8,0.05,103,<p>AIMS collaborator</p>,
2057,485,6,1,0.0,100,,
2134,310,100038,2,-1.0,100,,
2135,310,100174,3,1.0,100,,
2155,510,142,1,0.05,10,,
2136,310,115,3,0.5,100,,
2068,490,100151,1,0.2,1,,
2071,491,100141,6,0.1,101,,
2049,482,158,1,0.4,1,,
2016,187,77,3,0.05,100,,
4285,958,100905,7,0.5,1,,
2095,495,11,1,0.0,50,,
2162,510,100226,7,1.0,20,,
4665,125,8,8,0.0,100,,
4296,961,146,3,0.05,4,,
2085,494,100151,1,0.0,100,,
2090,492,100213,7,1.0,1,,
4820,853,100641,2,0.05,103,,
2122,26,243,2,0.6,50,,
2097,495,100216,7,1.0,100,,
2101,496,102,2,0.9,100,,
2102,343,107,2,1.0,100,,
2105,497,156,2,0.05,1,,
2107,497,27,2,0.02,3,,
2106,497,87,2,0.02,2,,
2108,497,62,2,0.02,4,,
2109,497,100141,8,0.1,5,,
2110,497,100217,8,0.1,6,,
2111,497,100218,8,0.1,7,,
2113,498,100217,6,0.02,2,,
2114,498,100141,6,0.02,3,,
2115,498,100219,7,0.8,4,,
2120,437,107,2,0.0,100,,
2123,164,243,2,0.2,100,,
2121,437,27,2,0.0,100,,
2126,500,6,1,0.1,100,,
2154,509,142,1,0.05,10,,
4298,962,100464,1,0.01,1,,531
2166,507,142,1,0.05,10,,
2127,500,102,2,0.9,120,,
2124,169,27,2,0.0,100,,
2131,150,78,2,0.1,3,,
2132,310,100173,3,1.0,100,,
2176,512,67,1,0.05,100,,
2142,157,27,2,0.0,100,,
2148,506,57,1,0.0,100,,
3475,811,100580,6,0.2,100,,
3500,815,292,2,0.0,3,,
3505,813,100669,8,0.2,100,,
2149,506,100223,7,0.0,110,,
2151,506,100035,6,0.0,120,,
2165,510,100230,6,0.05,50,,
2153,508,142,6,0.05,100,,
2161,509,100029,4,0.05,40,,
2157,509,100027,6,0.05,20,,
1976,435,100038,2,0.33,100,,
1978,435,100173,3,0.33,100,,
1979,435,100174,3,0.33,100,,
1980,435,100175,3,0.33,100,,
1981,435,109,3,0.33,100,,
2138,435,115,3,0.25,100,,
2032,475,145,2,0.01,4,,
4737,1038,100749,1,0.0,100,,
2159,509,100028,6,0.05,30,,
2168,507,100232,6,0.05,50,,
2169,507,100234,6,0.05,100,,
2170,507,100235,6,0.05,20,,
2185,515,241,2,0.5,4,<p>Genetics management</p>,
1345,309,6,1,0.0,10,,
1043,309,43,3,0.0,200,,
2174,382,100113,6,0.1,200,,
2173,443,100237,6,0.1,200,,
2177,513,67,1,0.05,100,,
2179,514,67,1,0.1,100,,
2180,512,100239,7,1.0,100,,
2143,503,57,1,0.0,100,,
2060,487,12,2,0.05,2,,
2061,487,24,1,0.1,1,,
2098,496,11,1,0.05,100,,
2099,496,6,1,0.05,100,,
2137,308,191,8,-0.3,100,,
2133,310,100175,8,-1.0,100,,
2103,281,100167,8,0.0,100,,
2104,281,100006,8,0.0,100,,
2100,496,100073,8,0.0,100,,
2112,498,156,1,0.02,1,,
2156,509,100225,7,1.0,15,,
2160,509,100025,6,0.05,50,,
2080,109,132,3,0.1,70,,
2086,492,145,1,0.05,80,,
2325,548,142,1,0.0,100,,
2326,549,142,1,0.0,100,,
2332,552,187,3,0.05,2,,
2182,515,143,3,1.0,5,,
2183,515,77,3,0.5,7,,
2017,187,143,3,0.05,100,,
2329,551,257,2,0.05,1,,
2055,484,100195,9,0.1,400,,
2056,484,100196,9,0.1,200,,
4310,720,100915,8,1.0,200,,
4311,722,100566,2,0.01,100,,
4309,36,147,3,0.8,30,,536
4319,143,100553,2,0.05,200,,
2077,109,155,2,0.1,50,,
4343,940,100926,6,0.05,100,,
2331,552,12,1,0.1,1,,
4006,908,145,2,0.01,2,,
2296,472,132,1,0.0,100,,
2278,537,22,1,0.0,10,,
2281,537,91,3,0.0,100,,
2196,517,100245,8,0.08,200,,
2238,524,137,2,1.0,100,,
2200,297,56,2,0.5,3,<p>Matuwa component</p>,
4379,970,100937,3,1.0,110,,
2202,518,251,1,0.5,1,,
2283,239,100230,6,0.0,100,,
4190,932,100065,6,0.01,100,,
2285,503,100049,6,0.0,100,,
2242,524,100187,3,1.0,100,,
4666,991,101043,6,0.0,100,,
2194,154,100163,3,0.4,1,,
2216,388,100134,1,0.0,100,,
2217,289,78,1,0.0,100,,
2220,520,92,2,0.5,2,,
2221,520,127,2,0.1,3,,
2222,520,6,2,0.01,4,,
4022,615,100121,6,0.1,100,,
2286,503,100069,6,0.0,100,,
2197,517,100246,8,0.08,100,,
2223,404,99,2,0.05,100,,
2224,401,211,3,0.8,100,,
2287,449,100139,6,0.0,100,,
2218,395,100134,8,0.0,100,,
2288,491,129,1,0.0,100,,
2215,390,100134,8,0.0,100,,
2225,522,10,1,0.05,100,,
2226,522,6,2,0.0,100,,
2227,330,78,1,0.0,100,,
2228,521,10,1,0.0,100,,
2231,511,100178,1,0.0,100,,
4033,912,156,2,0.01,100,,
4437,976,100737,6,0.1,120,,
2234,523,250,1,0.0,100,,
2235,523,12,2,0.0,100,,
2236,523,93,2,0.0,100,,
2245,525,22,1,0.0,100,,
2246,525,91,3,0.0,100,,
2247,525,25,2,0.0,100,,
2248,526,22,1,0.0,100,,
2249,526,108,2,0.0,100,,
2250,526,91,3,0.0,100,,
2251,527,10,1,0.0,100,,
2252,528,10,1,0.0,100,,
2255,530,10,1,0.0,100,,
2256,531,10,1,0.0,100,,
2257,531,12,2,0.0,100,,
2258,531,251,2,0.0,100,,
2259,532,10,1,0.0,100,,
2261,532,100,2,0.0,100,,
2262,532,60,2,0.0,100,,
2263,533,100,1,0.0,100,,
2264,533,99,2,0.0,100,,
2265,533,139,2,0.0,100,,
2266,533,132,3,0.0,100,,
2267,534,78,1,0.0,100,,
2268,534,139,2,0.0,100,,
2270,534,15,3,0.0,100,,
2323,510,100255,6,0.05,30,,
2275,517,1,1,0.0,100,,
2276,536,93,1,0.0,100,,
2277,536,12,2,0.0,100,,
2280,537,126,3,0.0,100,,
2290,465,129,1,0.0,100,,
2308,530,29,2,0.0,100,,
2291,465,100165,7,1.0,100,,
2292,416,64,1,0.0,100,,
2293,252,17,1,0.0,100,,
2294,495,100248,6,0.0,100,,
4044,913,100482,8,0.01,800,,
3421,798,100652,7,1.0,1,<p>UWA</p>,
3478,590,100326,6,0.0,100,,
3479,778,100539,6,0.0,100,,
2295,471,100249,7,0.0,100,,
2298,473,100199,7,0.0,100,,
2300,473,100133,6,0.0,100,,
2305,539,78,1,0.0,100,,
2306,530,99,2,0.0,100,,
2307,530,12,2,0.0,100,,
2309,530,100,2,0.0,100,,
2310,530,116,2,0.0,100,,
2311,532,99,2,0.0,100,,
2079,109,150,3,0.1,75,,
2312,540,307,1,0.0,100,,
2260,532,93,1,0.0,100,,
2313,540,87,1,0.0,100,,
2317,544,62,1,0.0,100,,
2319,546,93,1,0.0,100,,
2320,262,100227,6,0.0,100,,
2274,535,100038,3,0.1,100,,
2324,547,142,1,0.0,100,,
2302,470,21,1,0.0,100,,
2303,495,102,1,0.0,90,,
2203,518,254,3,0.5,3,,
2301,473,100251,6,0.0,110,,
2297,472,100250,7,1.0,100,,
2299,473,10,1,0.0,50,,
2279,537,108,2,0.0,20,,
2289,491,100476,7,0.0,100,,
4055,672,100805,2,0.0,101,,
2273,535,115,3,0.1,100,,
2272,535,109,3,0.1,100,,
2271,535,57,1,0.1,100,,
2333,553,24,1,0.5,1,,
2334,553,98,3,0.9,2,,
2335,553,55,3,0.9,3,,
2337,485,268,6,0.0,100,,
2339,556,6,1,0.0,100,,
2340,556,100053,2,0.0,100,,
2348,561,80,1,0.1,100,,
2336,485,100261,7,0.0,100,,
2350,562,10,1,0.0,100,,
2351,562,114,2,0.0,100,,
2352,562,270,8,0.0,100,,
4448,972,99,2,0.01,130,,
2354,563,270,8,0.0,100,,
2355,562,6,2,0.0,100,,
2356,564,4,1,0.0,100,,
2357,564,268,8,0.0,100,,
2358,565,250,1,0.0,100,,
2359,565,12,2,0.0,100,,
2360,565,93,2,0.0,100,,
2198,515,85,3,1.0,6,,
2330,551,142,2,0.01,100,,
2282,502,17,1,0.0,100,,
4830,1052,100540,2,0.5,1,,
4206,935,100021,6,0.1,100,,
4248,949,100893,8,0.0,120,,
2213,154,100166,3,0.2,5,,
4445,977,100458,5,0.05,100,,
2361,565,100182,8,0.0,100,,
2362,565,100181,8,0.0,100,,
2363,565,100206,8,0.0,100,,
2364,565,100183,8,0.0,100,,
2365,566,6,1,0.0,100,,
2366,566,8,2,0.0,100,,
2367,566,43,3,0.0,100,,
2368,566,243,2,0.0,100,,
2369,566,259,2,0.0,100,,
2370,566,270,8,0.0,100,,
2371,566,271,8,0.0,100,,
2372,566,274,8,0.0,100,,
2373,566,272,8,0.0,100,,
2374,566,273,8,0.0,100,,
2375,567,8,1,0.0,100,,
2376,567,6,2,0.0,100,,
2378,567,266,8,0.0,100,,
2379,567,267,8,0.0,100,,
2380,567,265,8,0.0,100,,
2381,567,268,8,0.0,100,,
2382,567,269,8,0.0,100,,
2383,568,8,1,0.0,100,,
2384,568,47,2,0.0,100,,
2385,568,270,8,0.0,100,,
2386,568,299,8,0.0,100,,
2388,528,4,2,0.0,100,,
2389,471,100133,6,0.0,100,,
2390,472,266,6,0.0,100,,
2391,467,100121,6,0.0,100,,
2393,569,11,1,0.0,100,,
2394,569,6,2,0.0,100,,
2395,569,102,2,0.0,100,,
2396,569,268,8,0.0,100,,
2387,545,82,1,0.0,100,,
2398,554,6,1,0.0,100,,
2443,571,22,1,0.05,100,,
2392,469,6,2,0.0,90,,
2399,570,100270,8,0.1,70,,
2401,570,100271,8,0.1,90,,
2402,570,142,2,0.05,20,,
2400,570,100269,8,0.2,10,,
2446,576,56,1,0.1,1,,
2405,365,270,8,0.0,500,,
2406,142,289,8,0.0,100,,
2414,164,270,8,0.0,200,,
2415,164,271,8,0.0,210,,
2416,164,274,8,0.0,220,,
2417,164,272,8,0.0,230,,
2418,164,273,8,0.0,240,,
2419,136,265,8,0.0,100,,
2420,136,266,8,0.0,110,,
2421,136,267,8,0.0,120,,
2422,136,268,8,0.0,130,,
2423,136,269,8,0.0,140,,
2424,125,270,8,0.0,100,,
2425,125,299,8,0.0,110,,
4814,858,101103,8,0.05,103,<p>UWA collaborator</p>,
2430,135,268,8,0.0,100,,
2431,573,60,1,0.1,1,,
4191,932,100060,6,0.01,100,,
2435,573,191,9,0.05,5,"<p>regional nature conservation staff</p>
<p>&nbsp;</p>",
2436,482,157,3,0.5,2,,
2441,576,100209,3,0.1,3,,
2469,580,100121,6,0.05,102,,
4007,908,156,1,0.01,1,,
2439,575,145,1,0.0,100,,
2465,579,100313,8,0.0,120,,
2448,577,100303,8,0.0,100,,
2449,577,100304,8,0.0,100,,
2450,577,100305,8,0.0,100,,
2451,577,100306,8,0.0,100,,
2458,578,87,1,0.25,100,,
2459,578,307,2,0.25,110,,
4821,853,100398,8,0.05,105,,
2463,579,87,1,0.0,100,,
3422,798,100525,1,0.05,10,,
2464,579,307,1,0.0,110,,
2452,515,56,3,1.0,2,<p>Senior Project Officer</p>,
2468,580,100120,6,0.05,101,,
2427,71,297,8,0.0,100,,
2440,575,100295,8,0.0,100,,
2470,580,100318,7,1.0,100,,
2475,159,100319,2,0.5,100,,
4023,909,100456,1,0.05,100,,
2478,588,67,1,0.1,100,,
2479,588,100240,7,1.0,100,,
2314,541,156,1,0.02,100,,
2482,589,67,1,0.1,10,,
2486,590,67,1,0.1,100,,
2488,590,100323,6,0.1,100,,
2484,589,100323,6,0.1,100,,
2485,589,100327,6,0.05,100,,
2490,588,100244,6,0.1,100,,
2491,587,67,1,0.2,100,,
2492,587,100322,8,0.2,100,,
2493,587,100330,8,0.1,100,,
2494,587,100331,8,0.1,100,,
2495,514,100323,8,0.1,100,,
2496,514,100327,8,0.1,100,,
2497,514,100326,6,0.1,100,,
2498,421,100243,8,0.1,100,,
2499,421,100239,7,1.0,100,,
2500,421,100327,8,0.05,100,,
2501,591,11,1,0.0,100,,
2503,591,100333,7,0.0,100,,
2504,592,6,2,0.1,100,,
2508,594,6,1,0.0,100,,
2509,594,11,2,0.0,200,,
2511,595,6,1,0.0,100,,
2516,595,100053,2,0.0,110,,
2514,595,100093,8,0.0,230,,
2512,595,100336,8,0.0,200,,
2515,595,100338,8,0.0,240,,
2525,597,241,1,0.1,1,,
4034,846,100827,7,1.0,200,,
2529,599,92,7,0.0,100,,
4045,913,100832,8,0.5,900,,
2532,600,127,7,0.0,100,,
4384,972,191,9,0.0,140,,
2540,365,6,2,0.05,100,,
2541,601,100351,6,0.0,100,,
2542,601,271,6,0.0,100,,
2545,602,100353,6,0.0,100,,
2546,602,100354,6,0.0,110,,
2547,602,100355,6,0.0,120,,
2534,591,100345,8,0.0,100,,
2566,578,100313,8,0.0,100,,
2549,595,100357,8,0.0,260,,
4198,934,93,2,0.1,2,,
4197,934,241,1,0.2,1,,
2550,602,6,1,0.0,100,,
2551,603,6,1,0.0,100,,
2554,603,100359,6,0.0,100,,
2553,603,265,6,0.0,110,,
2555,603,100360,6,0.0,120,,
2556,594,100335,8,0.0,100,,
2557,289,150,3,0.0,100,,
2558,577,145,1,0.1,100,,
2559,581,17,1,0.0,100,,
2561,330,150,3,0.0,100,,
2562,342,105,3,0.0,100,,
2563,583,17,1,0.0,100,,
2564,578,100314,8,0.0,100,,
2565,578,100312,8,0.0,100,,
2567,604,10,1,0.0,100,,
2568,604,100,2,0.0,100,,
2569,604,93,2,0.0,100,,
2570,604,99,2,0.0,100,,
2571,604,60,2,0.0,100,,
2572,605,6,1,0.0,100,,
2573,605,10,2,0.0,100,,
2574,605,251,2,0.0,100,,
2575,605,83,8,0.0,100,,
2576,605,108,2,0.0,100,,
2577,605,25,2,0.0,100,,
2578,606,10,1,0.0,100,,
2579,606,100134,8,0.0,100,,
2580,607,10,1,0.0,100,,
2581,607,100134,8,0.0,100,,
2543,601,6,1,0.0,100,,
2591,239,100043,7,0.0,100,,
2592,503,191,7,0.0,100,,
2593,449,100363,7,0.0,100,,
2594,603,100358,7,0.0,100,,
2595,602,100364,7,0.0,100,,
2596,601,100352,7,0.0,100,,
2597,602,100356,6,0.0,100,,
2603,599,100348,6,0.0,100,,
2604,591,100346,6,0.0,100,,
2605,600,100349,6,0.0,100,,
2606,600,100348,6,0.0,100,,
2607,501,100133,6,0.0,100,,
2630,610,29,1,0.1,1,,
2612,571,100301,7,0.0,100,,
2614,513,100240,7,0.0,100,,
2615,513,100244,6,0.0,100,,
2617,512,100242,6,0.0,100,,
2618,512,100241,6,0.0,100,,
2619,576,100299,7,0.0,100,,
2620,492,100212,6,0.0,100,,
2621,492,100211,6,0.0,100,,
2625,576,100255,6,0.0,100,,
2627,609,100351,6,0.0,110,,
2628,609,271,6,0.0,120,,
2513,595,100337,8,0.0,210,,
2636,374,252,2,0.0,110,,
2638,609,100365,7,0.0,100,,
2639,473,21,6,0.0,100,,
2467,580,24,1,0.05,103,,
2526,597,56,2,0.1,50,,
2524,597,6,1,0.1,100,,
2645,613,34,1,0.0,100,,
2560,582,17,1,0.0,100,,
2474,364,100319,2,0.1,3,,
3427,799,100517,1,0.1,20,,
3423,798,100517,1,0.1,20,,
3501,815,100456,2,0.1,4,,
2647,613,123,6,0.0,100,,
2648,613,100395,7,0.0,100,,
2650,615,100396,7,0.0,100,,
2651,615,100120,6,0.0,100,,
2653,616,24,1,0.0,100,,
2654,616,100397,7,0.0,100,,
2655,616,100120,6,0.0,100,,
2656,616,100398,6,0.0,100,,
2657,589,100326,7,0.0,100,,
2658,590,100328,7,0.0,100,,
2659,617,21,8,0.0,100,,
2660,617,100133,6,0.0,100,,
2661,617,100400,7,0.0,100,,
4008,908,100660,2,0.01,3,,
2662,617,86,1,0.0,100,,
2665,618,100401,7,0.0,100,,
2666,618,100402,6,0.0,100,,
2667,618,100403,6,0.0,100,,
2668,619,80,1,0.0,100,,
2669,619,100404,7,0.0,100,,
2670,619,100405,6,0.0,100,,
2671,619,100406,6,0.0,100,,
2672,619,292,6,0.0,100,,
2644,612,100394,8,0.0,100,,
2643,612,100393,8,0.0,100,,
2642,612,100392,8,0.0,100,,
2673,612,145,1,0.0,100,,
3518,170,100660,2,0.6,3,, enter short code
2649,615,24,1,0.1,100,,
4024,909,100799,7,0.5,100,,
2677,621,137,1,0.0,100,,
2678,621,100408,7,0.0,100,,
2679,621,100323,6,0.0,100,,
2680,621,100327,6,0.0,100,,
2681,621,100409,6,0.0,100,,
2684,622,100217,6,0.0,100,,
2685,622,100141,6,0.0,100,,
2739,631,100319,2,0.01,100,,
2740,631,142,2,0.01,100,,
2691,624,100021,6,0.0,100,,
2473,364,257,2,0.1,2,,
2633,611,100319,2,0.02,96,,
2690,624,100019,7,0.0,10,,
2693,624,100412,6,0.0,80,,
2694,624,100319,1,100.0,50,,
2696,625,100413,7,0.0,100,,
2697,625,100417,6,0.0,100,,
2698,625,100414,6,0.0,100,,
2699,625,100416,6,0.0,100,,
2700,626,100054,7,0.0,100,,
2702,626,100418,6,0.0,100,,
2631,611,142,1,0.01,98,,
2623,571,100302,6,0.0,100,,
4192,932,100660,1,0.05,100,,
2583,608,251,1,0.0,1,,
2632,611,257,2,0.0,99,,
2741,631,257,2,0.01,100,,
2584,608,254,3,0.0,4,,
4199,934,6,2,0.05,3,,
4207,935,292,6,0.05,400,,
4249,949,100894,8,0.0,50,,
4815,858,101104,8,0.05,103,<p>JCU collaborator</p>,
4286,958,100906,6,0.1,2,,
4438,976,100765,7,1.0,80,,
4300,929,100859,1,0.0,100,,
4320,91,100734,2,0.2,110,,
4009,908,100688,2,0.01,4,,
4193,932,129,2,0.01,200,,
2856,668,100459,1,0.05,20,"<p>Involved in project proposal, management and review of report.</p>",
2709,628,12,1,0.1,10000,,
2708,628,250,1,0.1,1000,,
2716,284,100427,8,0.0,100,,
2715,284,100426,8,0.0,100,,
2713,284,100425,8,0.0,100,,
2721,575,100428,8,0.0,100,,
2725,597,100432,6,0.1,110,,
2728,597,100433,7,0.0,100,,
2729,507,100231,7,0.0,100,,
2733,629,250,2,1.0,1,,
2730,628,100421,7,0.0,100,,
2732,628,100255,6,0.0,100,,
2755,636,158,1,0.0,100,,
2854,666,100459,1,0.05,2,"<p>Developed initial project plan, assisting with lab/field work and reporting.</p>",
2735,629,100209,3,1.0,2,,
2734,629,12,1,0.1,4,,
2777,642,257,2,0.05,1,,
2903,195,146,3,0.2,100,,
2742,629,113,2,0.25,3,,
4208,935,24,1,0.05,500,,
2682,622,100410,7,0.0,70,,
2935,123,27,1,-5.0,10,,
2938,687,100451,1,0.05,100,,
2896,666,100495,6,0.01,99,<p>Listed at Chief Investigator by UWA for administrative purposes. Does provide some minimal supervision of the project and researching scientist from the UWA side.</p>,
3459,794,100657,7,0.0,100,,
2907,678,241,1,0.2,1,,
2908,678,93,2,0.1,2,,
2909,678,6,2,0.1,3,,
2771,640,87,1,0.05,100,,
2753,494,100439,8,0.5,120,,
2868,675,252,8,1.0,100,,
2752,494,100438,8,0.02,170,,
2901,668,100510,8,0.4,2,,
2902,668,100511,8,0.1,10,,
2717,284,100295,8,0.0,100,,
2757,637,241,1,0.1,1,,
3426,799,100525,1,0.05,10,,
3402,786,100645,7,1.0,90,<p>UWA</p>,
3406,789,100648,7,1.0,90,<p>UWA</p>,
3428,799,100539,6,0.1,50,,
3424,798,100539,6,0.1,50,,
3463,807,100658,6,0.05,1000,,
3464,795,100516,1,0.1,100,,
2760,638,22,1,0.1,10,,
2761,638,108,2,0.1,20,,
2762,638,99,2,0.1,30,,
2764,631,100445,7,0.0,100,,
2768,639,100276,5,0.1,100,,
4661,977,100353,6,0.0,100,,
3407,789,100518,1,0.1,100,,
2778,642,100412,8,0.05,2,,
2851,663,100459,1,0.05,50,,
2786,645,62,1,0.0,100,<p>Working with universities to improve monitoring and management effectiveness</p>,
3519,820,100418,6,0.1,100,,
3438,805,100654,7,1.0,1,,
2759,637,100024,6,0.05,4,,
2816,653,142,2,0.01,100,,
2683,622,156,1,0.01,80,,
2790,648,100463,8,0.3,200,,
2855,667,100458,1,0.0,100,,
2780,643,100456,1,0.1,100,,
4667,970,100964,3,0.0,100,,
2767,639,57,2,0.1,20,,
2795,558,100276,1,0.0,100,,
2796,559,100276,1,0.0,100,,
2797,560,100276,1,0.0,100,,
3457,804,100525,1,0.05,100,,
3403,787,100646,7,1.0,90,<p>UWA</p>,
2793,24,100056,2,0.4,35,,
2805,560,100293,3,0.01,50,,
2806,559,100293,3,0.01,50,,
2807,558,100293,3,0.1,50,,
2769,639,99,2,0.1,50,,
2765,639,158,1,0.1,50,,
2811,109,229,2,0.05,100,,
2812,653,100319,1,0.1,100,,
2817,653,257,2,0.01,100,,
2813,653,100449,2,0.4,100,,
2819,170,100465,2,0.2,4,,
2824,654,100179,6,0.1,2,,
2825,654,100481,8,0.1,3,,
2826,654,100141,6,0.1,4,,
2829,655,100482,8,0.1,2,,
2830,655,100392,8,0.1,3,,
2831,655,100483,8,0.05,4,,
2832,656,156,1,0.05,2,,
2833,656,100484,8,0.3,1,,
2834,656,145,2,0.02,3,,
2835,656,100141,8,0.02,4,,
2836,656,100485,8,0.02,5,,
2837,656,100167,8,0.02,6,,
2838,656,100006,8,0.02,7,,
2839,656,100481,8,0.02,8,,
2840,656,100486,8,0.02,9,,
2841,656,100217,8,0.02,10,,
4251,950,241,1,0.4,1,,
2844,543,100256,1,0.1,1,,
2845,657,100458,1,0.0,100,,
3452,809,100525,1,0.05,10,,
3460,794,100516,1,0.1,100,,
3465,795,100659,7,1.0,100,,
3466,792,100662,7,1.0,100,,
4822,1051,100151,1,0.8,100,,
2879,662,100500,8,0.0,100,,
2886,672,100458,2,0.0,100,,
4255,953,137,1,0.05,100,,
4262,954,100776,1,0.0,100,,
2779,642,142,2,0.01,3,,
4274,524,93,1,0.05,100,,
4287,958,100317,1,0.1,3,,535NBLS
4261,929,100807,1,0.0,200,,
4714,1033,101079,8,0.01,104,,
2821,475,100476,1,0.025,1,,
4321,26,100352,2,0.4,80,,
4301,964,100807,1,0.0,200,,
719,36,35,3,0.4,40,,
4330,967,250,1,0.1,100,,
4344,966,145,2,0.05,100,,
4351,964,100929,7,0.0,100,,
2890,676,156,2,0.01,2,,
2914,679,100398,8,0.0,100,,
2917,679,100514,8,0.0,100,,
2921,569,100518,2,0.0,100,,
2922,663,100494,6,0.1,3,,
2923,663,100519,6,0.05,5,,
2924,663,100520,6,0.05,6,,
2918,680,100457,1,0.0,1,,
4194,933,100878,7,1.0,100,,
2900,668,100509,8,0.5,1,,
2895,666,100505,8,0.4,1,<p>Primary researcher</p>,
4010,908,100464,2,0.01,5,,
2785,645,100065,8,0.0,200,,
2859,662,100491,8,0.0,50,,
2850,662,100458,1,0.0,60,,
2878,662,100499,8,0.0,70,,
2848,661,100458,1,0.0,50,,
2880,661,100495,8,0.0,10,,
2882,661,100501,8,0.0,20,,
2881,661,100498,8,0.0,30,,
2885,657,100233,8,0.0,50,,
2876,664,100495,8,0.0,1,,
2852,664,100458,1,0.0,4,,
2869,675,6,2,0.1,110,,
2828,655,156,1,0.01,100,,
2784,645,100460,8,0.0,300,,
2758,637,6,1,0.05,3,,
2925,663,100521,7,0.9,1,<p>PhD student. Her project delivers the outcomes required by DBCA and then extends beyond these.</p>,
2926,685,100462,1,0.0,100,,
2927,685,100457,1,0.0,100,,
2928,685,100518,1,0.0,100,,
2929,683,100516,1,0.0,100,,
2934,684,100450,1,0.0,100,,
2939,688,100525,1,0.1,100,,
2943,689,67,1,0.05,1,,
3408,789,100525,1,0.1,110,,
2946,663,100526,4,0.01,100,,
3520,820,100682,6,0.1,101,,
2942,689,100133,6,0.05,100,,
3439,805,100525,1,0.05,10,,
2936,686,100456,1,0.1,100,,
2847,659,100455,8,0.05,,,526
2988,700,100488,2,0.8,80,<p>Ecologist</p>,
4823,1051,101110,8,0.2,100,,
4662,977,100682,6,0.0,100,,
2789,648,307,2,0.2,100,,
2867,476,137,1,1.0,10,,
2877,664,100498,8,0.0,3,,
4209,935,100879,7,100.0,50,,
3458,803,100525,1,0.1,100,,
3507,816,145,1,0.15,1,,
2718,369,100167,8,0.0,300,,
4213,936,100749,9,0.0,,<p>Program Leader</p>,
2973,697,100448,1,0.0,100,,
2975,681,100525,2,0.2,100,,
2976,685,100525,1,0.0,100,,
2982,695,100533,3,0.6,100,,
2916,679,100457,1,0.1,1,,
3453,809,100537,6,0.1,100,,
2719,369,100006,8,0.0,400,,
2720,369,100394,8,0.0,500,,
2965,693,100448,1,0.1,100,,
2986,698,100456,2,0.05,100,,
2971,696,100448,1,0.0,100,,
3482,778,100592,6,0.0,100,,
2940,685,100522,2,0.0,1000,,
2985,698,100448,1,0.0,50,,
2989,699,100451,1,0.05,100,,
2984,685,100540,2,0.0,999,,
1933,461,100151,1,0.2,10,,
3467,792,100580,6,0.2,100,,
2993,698,100541,2,0.2,100,,
2994,696,100541,2,0.05,100,,
2995,693,100541,2,0.1,100,,
4668,970,101042,3,0.0,100,,
3510,816,100167,8,0.1,4,,
2966,694,100523,2,0.6,100,,
3516,816,100677,8,0.1,9,,
4831,1052,101112,8,0.05,2,,
4252,951,100437,2,0.1,100,,
3485,771,100451,2,0.05,3,,528
3451,809,100656,7,1.0,1,,
500,150,148,3,0.7,6,,
4839,1053,100525,1,0.05,200,,
4843,1054,101052,2,0.3,100,,
4256,953,100456,1,0.05,1,,RSP528
4365,366,93,2,0.05,200,,
4263,954,100859,1,0.0,100,,
3007,703,100340,8,0.2,100,,
3006,703,100511,8,0.2,100,,
3008,704,268,8,0.2,100,,
3009,170,100437,2,0.4,8,,
3010,615,100546,6,0.1,200,,
3495,815,100317,1,0.1,1,,
2949,675,100528,8,0.0,140,,
2951,675,100529,8,0.0,150,,
2950,675,100134,8,0.0,130,,
2980,685,100538,6,0.0,100,,
2977,681,100537,8,0.1,100,,
2820,170,100464,2,0.6,2,,
3035,709,100448,1,0.1,100,,
3042,710,100550,1,0.5,100,,
4275,297,93,1,0.05,100,,
3409,789,100561,6,0.1,120,,
3440,806,100654,7,1.0,1,,
3012,701,100545,3,0.6,100,,
3454,809,100517,1,0.1,110,,
3013,705,155,1,0.05,100,"<p>Terry Macfarlane is listed as Principal Investigator on this ABRS grant, and has a mainly supervisory role.</p>",
3015,705,100543,8,0.1,200,,
4288,959,100907,7,1.0,1,,
2827,654,156,1,0.05,1,,
4302,964,100859,1,0.0,100,,
3005,154,148,3,0.1,6,,
4313,964,100918,6,0.0,200,,
4322,26,100056,2,0.4,75,,
2870,675,10,8,0.1,120,,
4345,966,156,2,0.05,100,,
4201,934,100450,2,0.1,5,,
4352,954,100931,7,0.0,50,,
4359,969,29,1,0.1,2,,
3286,702,100602,2,0.1,140,,
4368,22,93,1,0.05,100,,
3016,705,100547,8,0.1,300,<p>Retired; herbarium associate.</p>,
3017,705,100548,8,0.05,400,<p>Molecular phylogenetics of&nbsp;<em>Tephrosia</em> and allied genera.</p>,
3468,792,100663,6,0.1,100,,
3483,740,100638,6,0.0,100,,
3138,730,100459,2,0.0,2,,
3496,815,85,3,0.1,2,,
2964,127,155,1,0.1,2,<p>Terry Macfarlane is listed as Principal Investigator on the ABRS grant and is supervising the project.</p>,
3020,706,100456,2,0.6,100,,
3018,706,100448,1,0.3,100,,
3019,706,100437,2,0.6,100,,
3021,706,100451,2,0.4,100,,
3022,706,100541,2,0.2,100,,
3023,706,100449,2,0.2,100,,
3025,706,100453,2,0.1,100,,
3026,436,100437,3,0.01,500,,
4385,972,100136,9,0.0,200,,
3028,707,100448,1,0.0,100,,
4195,933,100877,6,0.1,100,,
3030,708,100448,1,0.1,100,,
3031,707,100450,1,0.7,100,,
3032,707,100453,2,0.6,200,,
3033,708,100541,2,0.5,100,,
3036,706,100549,2,0.25,100,,
3038,708,100549,2,0.5,100,,
3511,816,100006,8,0.05,5,,
3041,710,100133,6,0.1,100,,
4202,934,100448,2,0.05,6,,
4685,995,243,1,0.1,1000,,
4393,563,47,1,0.0,100,,
4210,935,100880,6,0.1,200,,
2972,695,100534,2,1.0,100,<p>Land for Wildlife Coordinator</p>,
3037,385,100456,9,0.1,100,,
2967,694,100462,1,0.0,101,,
4715,1033,251,2,0.02,105,,
4214,937,100448,1,0.05,100,,
3004,702,100518,1,1.0,100,,
3506,813,24,2,0.1,100,,
2979,681,100539,8,0.1,100,,
3043,709,100453,2,0.1,100,,
3044,709,100437,2,0.05,100,,
3045,709,100451,2,0.05,100,,
3046,709,100450,2,0.1,100,,
3047,709,100449,2,0.1,100,,
3048,709,100456,2,0.05,100,,
3049,709,100549,2,0.05,100,,
3050,709,100541,2,0.05,100,,
4221,869,100884,7,1.0,10,,
4396,948,22,1,0.1,1,,
3039,710,21,8,0.1,100,,
3054,703,100518,2,0.0,100,,
3410,790,100518,1,0.1,100,,
3056,704,100518,2,0.0,100,,
3128,726,100568,7,0.0,1,,
3058,712,100451,2,0.1,100,,
3060,712,100437,2,0.2,100,,
3059,712,100448,1,0.0,100,,
3061,712,100453,2,0.05,200,,
3125,726,100491,6,0.0,2,,
3066,679,100553,2,0.0,2,,
4228,943,100437,2,0.1,100,,
3070,712,100554,8,0.0,100,,
3071,698,113,1,0.0,100,,
3156,720,100517,8,1.0,100,,
3062,712,88,2,0.01,1000,,
3073,712,100464,2,0.01,1000,,
3074,714,100555,1,0.0,100,,
3075,684,100453,2,0.0,200,,
3076,695,100552,3,0.6,100,<p>Covenant Officer</p>,
2609,501,100238,7,0.0,100,,
3121,726,100458,1,0.0,5,,
3441,806,100525,1,0.05,10,,
3455,809,100561,6,0.05,1000,,
3085,716,100053,1,0.0,1,,
3091,142,59,3,0.1,90,,
3092,718,6,1,0.1,100,,
3093,718,243,2,0.5,110,,
3094,719,6,1,0.1,100,,
4787,1046,101089,8,0.0,3,,
4439,976,80,9,0.1,150,,
3097,719,100134,8,0.2,140,,
3098,719,100528,8,0.5,150,,
3099,719,100529,8,0.5,160,,
3105,575,100476,2,,100,,
3106,501,100563,6,0.1,110,,
4230,944,100641,1,0.05,100,,
3172,746,6,1,0.05,100,,
3109,721,100476,2,0.0,100,,
3110,490,100451,2,0.1,100,,
3131,728,100458,1,0.0,4,,
4232,945,100085,6,0.05,100,,
3115,515,29,2,,9,,
3118,662,100568,7,0.0,90,,
3122,725,100008,6,0.0,1,,
3124,725,100458,1,0.0,100,,
4235,947,100456,1,0.1,100,,528RSP
3497,815,56,2,0.1,4,,
3503,813,99,2,0.05,100,,
4745,1038,100475,3,1.0,100,,540
3126,726,100085,6,0.0,3,,
3127,726,100211,6,0.0,4,,
4403,729,191,2,0.0,105,,
3512,816,100673,8,0.1,6,,
3137,730,100458,1,0.0,1,,
3116,664,100093,8,0.0,2,,
3134,729,26,3,0.6,115,,
3077,700,100557,1,1.0,10,<p>Principal Ecologist</p>,
3143,729,100573,8,0.0,210,,
4765,1042,100749,1,0.0,100,,
4772,1043,101060,1,1.0,100,,540
3148,731,100451,2,0.05,60,,
3114,663,100458,1,0.01,100,,
3173,746,243,1,0.1,110,,
4783,1007,101087,3,0.06,4,,
3146,731,100151,2,0.1,20,,
3391,731,100641,1,0.5,10,,
4807,1049,101097,8,0.1,8,,
4257,953,100895,7,0.5,2,,
4217,939,67,1,0.5,10,,
4276,950,100735,2,0.6,2,,
4417,960,100956,8,0.05,5,,
4428,974,100951,3,0.05,400,,
4752,1039,100455,2,0.5,100,<p>DBCA Research Associate.</p>,
4215,937,100802,8,0.05,90,,
4796,858,101093,7,0.5,105,<p>Masters student</p>,
4738,1038,100822,1,1.0,1,,540
3158,720,100539,8,0.1,400,,
3160,659,100490,8,0.05,100,,
3159,659,100489,8,0.1,100,,
3166,736,100021,8,0.0,100,,
4670,970,101045,3,0.0,100,,
3107,571,100300,8,0.1,110,,
4824,1051,101111,8,0.1,100,,
3129,728,100495,6,0.0,1,,
3132,728,100527,7,0.0,3,,
3123,725,100502,7,0.0,100,,
3130,728,100497,6,0.0,2,,
4739,1038,100812,1,1.0,100,,540
4716,1003,100986,2,1.0,1,,538ARS
4012,908,129,2,0.01,7,,
4211,935,100881,6,0.05,300,,
3139,664,100451,2,0.0,5,,
4746,1039,100812,1,0.0,100,,
4394,390,243,2,0.0,100,,
3161,659,100232,8,0.05,100,,
4258,953,100360,6,0.05,200,,
3152,732,100519,6,0.05,5,,
4196,933,100660,1,0.01,100,,
4218,939,100457,2,0.1,100,,
3186,763,100455,1,0.0,100,,
3190,759,100455,1,0.0,100,,
3192,757,100455,1,0.0,100,,
3193,755,100455,1,0.0,100,,
3194,751,100455,1,0.0,100,,
3175,682,100516,1,1.0,1,,
3195,515,100317,2,1.0,1,,
3197,762,100455,1,0.0,100,,
3199,660,100458,1,0.0,100,,
3200,302,29,1,0.0,100,,
3201,749,100455,1,0.0,100,,
3202,749,100581,8,0.0,100,,
3203,378,100582,8,0.0,100,,
3204,378,100583,8,0.0,100,,
3206,747,100455,1,0.0,100,,
3207,747,100584,8,0.0,100,,
3210,331,243,2,0.0,100,,
3442,806,100517,2,0.1,100,,
3212,284,145,1,0.0,100,,
3216,764,100516,1,0.0,100,,
3217,764,100580,2,0.0,100,,
3218,764,100538,8,0.0,100,,
3219,764,100586,7,0.0,100,,
3220,683,100586,7,0.0,100,,
3221,626,29,1,0.0,100,,
3222,625,29,1,0.0,100,,
3223,746,100579,7,0.0,100,,
3224,746,268,6,0.0,100,,
3225,716,100559,7,0.0,100,,
3226,716,100561,6,0.0,100,,
3227,716,100560,6,0.0,100,,
3230,512,100243,6,0.0,100,,
3237,736,100300,8,0.0,100,,
3244,768,100525,2,0.2,100,<p>Seed Science Leader</p>,
3245,768,100518,2,0.2,100,<p>Genetics Leader</p>,
3246,768,100462,1,0.2,100,<p>Ecophysiology Leader</p>,
3248,768,100538,8,0.2,100,<p>Rare Species Leader</p>,
3247,768,100561,8,0.2,100,<p>Ecophysiology Leader</p>,
3250,766,100462,1,0.0,100,,
3253,650,100462,1,0.2,100,,
3254,767,100462,1,0.2,100,,
3257,688,100592,8,0.2,200,,
3258,688,100593,8,0.15,400,,
3184,720,100525,1,1.0,1,,
4753,1039,100489,2,0.5,100,<p>DBCA Research Associate.</p>,
3269,768,100594,7,1.0,100,,
3270,768,100596,7,1.0,100,,
3271,768,100595,7,1.0,100,,
3272,768,100597,7,1.0,100,,
3273,650,100598,7,1.0,100,,
3274,650,100599,7,1.0,100,,
3208,518,100585,8,0.0,2,,
3284,769,100377,2,0.4,100,,
3285,769,100448,2,0.3,300,,
4754,1039,100490,2,0.1,100,,
3277,767,100601,8,0.05,100,,
3276,767,100600,8,0.1,100,,
3275,767,100346,8,0.2,100,,
3255,767,100590,8,0.2,100,,
3249,766,100589,6,1.0,100,,
3289,770,100455,1,0.0,100,,
3290,771,100465,1,0.5,1,,
4404,729,100947,2,0.0,130,,
3298,500,100518,2,0.0,130,,
3299,500,100602,2,0.0,140,,
3264,711,100518,2,0.2,110,,
3261,711,100540,2,0.2,130,,
3263,711,100522,2,0.2,140,,
4755,1041,82,1,0.4,100,,
4759,674,101060,1,1.0,100,,540
3300,773,6,1,0.05,100,,
3301,773,241,2,0.1,110,,
3302,774,6,1,0.1,100,,
3303,774,100518,2,0.05,110,,
4222,869,100085,6,0.05,20,,
4766,1042,101060,1,1.0,100,,540
3252,650,100540,2,0.2,110,,
3215,676,100464,1,0.0,1,,
4036,911,100829,8,0.2,400,,
3294,771,100437,2,0.3,2,,
4777,1044,22,1,0.0,100,,
3228,501,17,1,0.0,100,,
4325,691,136,3,0.6,140,<p>Senior Technical Officer Flora</p>,540 FLOS
3209,608,100585,8,0.0,2,,
3295,771,156,2,0.01,5,,
4773,1043,154,1,0.8,1,,540
4233,945,100887,7,1.0,10,,
4236,947,100889,7,0.25,200,,528RSP
4238,948,100890,8,0.0,100,,
4265,956,241,1,0.05,1,,535
4277,957,100904,7,1.0,1,,
4289,959,100235,6,0.1,2,,
3281,91,146,3,0.0,120,,
4332,967,100922,7,1.0,100,,
4231,944,100885,7,1.0,10,,
4203,934,100451,2,0.05,7,,
3308,775,22,1,0.05,150,,
3310,776,100610,6,0.05,150,,
3311,776,100609,6,0.05,200,,
3312,776,22,1,0.05,125,,
3383,742,100232,6,0.0,100,,
3364,742,100630,7,0.0,100,,
3316,777,100398,6,0.05,100,,
3365,741,100631,7,0.0,100,,
3353,761,100617,7,0.0,100,,
3229,637,100512,7,0.0,5,,
3231,618,86,1,0.05,100,,
4395,390,6,1,0.0,100,,
3576,825,100392,6,0.45,200,,
4398,948,100891,8,0.0,100,,
3256,688,100591,8,1.0,100,,
3287,702,100603,2,0.8,130,,
3321,778,100601,6,0.05,100,,
3329,780,100612,6,0.05,100,,
3330,780,100613,6,0.05,100,,
3354,760,100618,7,0.0,100,,
3385,741,100637,6,0.0,100,,
3356,758,100620,7,0.0,100,,
3366,740,100632,7,0.0,100,,
3387,740,100232,6,0.0,100,,
3339,783,100525,1,0.05,110,,
3341,783,100601,6,0.1,100,,
3315,777,100348,6,0.05,100,,
3318,778,100462,1,0.05,100,,
3327,780,100462,1,0.05,100,,
3328,780,100561,6,0.05,100,,
3326,780,100596,7,1.0,90,,
3334,781,100462,1,0.05,100,,
3331,781,100594,7,1.0,90,,
3333,781,100613,6,0.05,100,,
3332,781,100561,6,0.05,100,,
3338,782,100462,1,0.05,100,,
3337,782,123,6,0.05,100,,
3336,782,100561,6,0.05,100,,
3335,782,100595,7,1.0,90,,
3347,785,100611,7,1.0,90,,
3369,785,100462,1,0.0,100,,
3342,783,100614,7,1.0,90,,
3340,783,100462,1,0.05,100,,
3314,777,100598,7,1.0,1,,
3588,832,142,2,0.04,100,,
3373,759,100356,6,0.0,100,,
3367,759,100619,7,0.0,100,,
3374,757,100633,6,0.0,100,,
3358,757,100622,7,0.0,100,,
3357,757,100621,7,0.0,100,,
3375,755,100634,6,0.0,100,,
3359,755,100624,7,0.0,100,,
3376,752,100635,6,0.0,100,,
3360,752,100625,7,0.0,100,,
3377,751,100636,6,0.0,100,,
3361,751,100626,7,0.0,100,,
4013,908,100476,2,0.01,8,,
3379,748,100232,6,0.0,100,,
3380,745,100455,1,0.0,100,,
3381,745,100021,6,0.0,100,,
3363,745,100629,7,0.0,100,,
3390,783,100600,6,0.05,100,,
3317,778,100599,7,1.0,90,,
3443,807,100654,7,1.0,1,<p>UWA</p>,
3362,748,100628,7,0.0,100,,
4219,939,100377,2,0.1,100,,
3348,785,100517,1,0.05,120,,
3350,785,100139,6,0.05,100,,
3469,794,100580,6,0.2,100,,
3498,815,143,3,0.1,6,,
4405,729,100169,3,0.0,120,,
4671,970,101046,3,0.0,100,,
453,168,132,3,0.2,1,,
3589,832,257,2,0.02,100,,
4411,191,100951,3,0.2,100,,
3526,819,100681,2,0.2,3,<p>Co-supervisor</p>,
3527,819,100689,7,1.0,1,,
3550,831,100394,8,0.01,100,,
3517,819,100255,8,0.1,2,<p>Primary supervisor</p>,
3530,821,100690,8,0.2,300,,
3531,822,145,1,0.1,100,,
3535,823,145,1,0.05,100,,
4825,1051,100438,8,0.1,100,,
4234,945,22,1,0.05,200,,
3544,831,156,2,0.01,100,,
3545,816,100688,2,0.3,2,,
3546,830,100688,1,0.05,100,,
3547,829,100688,1,0.05,100,,
3543,831,100688,1,0.4,100,,
3570,829,100697,8,0.1,100,,
3571,829,100703,8,0.1,100,,
3573,829,100709,8,0.25,100,,
3584,828,100392,6,0.05,100,,
3536,823,100006,6,0.1,200,,
3532,822,100006,6,0.1,200,,
3565,831,100706,8,0.01,100,,
3504,813,17,2,0.05,100,,
3368,732,100459,1,0.05,10,,
3564,831,100705,8,0.01,100,,
3566,831,100707,8,0.01,100,,
3567,831,100708,8,0.01,100,,
3548,831,100392,8,0.2,100,,
3549,831,100141,8,0.2,100,,
3552,831,100697,8,0.01,100,,
3551,831,100483,8,0.01,100,,
3553,831,100217,8,0.01,100,,
3554,831,100482,8,0.01,100,,
3555,831,100025,8,0.01,100,,
3556,831,100699,8,0.01,100,,
3557,831,100698,8,0.01,100,,
3558,831,100700,8,0.01,100,,
3561,831,100702,8,0.01,100,,
3559,831,100218,8,0.01,100,,
3560,831,100701,8,0.01,100,,
3562,831,100703,8,0.01,100,,
3563,831,100704,8,0.01,100,,
3313,777,100457,1,0.05,3,,
3582,827,100392,6,0.05,200,,
3579,826,100392,6,0.05,200,,
4037,913,100660,2,0.01,100,,
4832,1052,100592,8,0.05,3,,
3493,814,24,2,0.2,50,,
3540,824,100392,6,0.8,200,,
4259,951,100464,2,0.05,300,,
4266,956,100687,7,1.0,2,,
4278,957,100682,6,0.1,2,,
4290,959,100232,6,0.1,3,,
3183,109,86,1,0.5,5,,
4346,966,100660,2,0.05,100,,
4353,954,100930,6,0.0,100,,
3568,829,100306,8,0.2,100,,
3574,829,100710,8,0.1,100,,
3572,829,100025,8,0.1,100,,
3569,829,100392,8,0.1,100,,
4205,934,100865,8,1.0,2,,
721,26,11,4,0.0,30,,
3672,842,67,1,0.0,100,,
3673,842,100322,6,0.0,100,,
3593,833,100553,2,0.5,80,,
3635,839,100456,1,0.1,1,,
3636,839,100725,7,0.25,2,<p>June completed the project as part of a work placement while at Curtin University.</p>,
3637,840,100456,1,0.1,1,,
3638,840,100726,7,0.25,2,,
3591,832,100319,1,0.04,100,,
3590,832,100021,6,0.0,200,,
4224,732,100491,6,0.08,2,<p>Replacing Dr. Chris Hallett 4/5 of way through PhD.</p>,
3658,753,100730,3,0.05,100,,
4397,948,100835,2,0.1,135,,
4260,951,100448,1,0.01,400,,
3702,832,100747,7,1.0,300,,
3652,841,250,1,0.1,2,,
3651,841,241,1,0.1,1,,
4406,729,29,1,0.0,90,,
3596,191,100377,1,0.1,10,"<ol style=""list-style-type: upper-roman;"">
<li>Neil Burrows has retired and Val Densmore has taken over supervision of this project</li>
</ol>",CC525
3653,841,6,1,0.05,4,,
3654,841,100024,6,0.1,3,,
3597,834,100641,1,0.9,10,,
3598,834,100715,8,0.05,20,,
3599,834,100716,8,0.05,30,,
3676,720,100738,8,1.0,340,,
3605,835,100021,6,0.0,100,,
3604,835,24,1,0.0,1,,
3607,835,100718,6,0.0,150,,
3608,836,24,1,0.0,1,,
3612,836,100720,6,0.0,200,,
3677,833,100456,2,0.1,100,,
3613,836,100721,6,0.0,250,,
3614,490,100641,2,0.9,3,,
1503,117,82,1,0.6,10,,
3615,775,100085,6,0.05,205,,
4800,1049,101094,8,0.5,2,,
4347,966,100464,2,0.05,100,,
3622,722,100457,1,0.01,101,,
3623,722,100525,1,0.01,102,,
3625,724,100525,1,0.05,102,,
3626,724,100398,6,0.1,103,,
3627,724,100514,6,0.05,104,,
3628,837,100457,1,0.05,101,,
3629,837,100724,7,1.0,100,,
3630,837,100553,1,0.05,102,,
3631,837,100682,6,0.1,103,,
2913,363,100206,8,0.2,1,"<p>JCU employee, software programmer</p>",
2412,363,100181,8,0.0,100,,
2327,550,257,2,0.01,100,,
3624,724,100457,1,0.05,101,,
3633,716,17,2,0.1,50,,
3660,24,47,2,0.1,105,,
4418,960,100957,8,0.05,7,,
3690,845,100398,6,0.1,102,,
3664,843,6,1,0.05,100,,
3665,843,252,2,0.1,110,,
3666,844,243,2,0.1,110,,
3667,844,6,1,0.05,100,,
3668,844,10,2,0.05,130,,
4672,970,101002,3,0.0,100,,
4686,832,100641,2,0.0,100,,
4413,960,100952,8,0.5,1,,
3659,753,100729,3,0.05,100,,
2664,618,155,1,0.05,100,<p>Departmental membership involves external co-supervision by two staff. There are no Departmental operating funds for this project.</p>,
2453,475,156,2,0.05,3,,
3684,842,100731,8,1.0,100,,
3689,845,100744,6,0.1,103,,
3686,845,100457,1,0.05,101,,
3692,510,100228,6,0.0,100,,
4279,957,100418,6,0.1,3,,
4291,959,100317,1,0.1,4,,
976,369,156,1,0.1,1,,
4774,1044,100749,1,0.0,100,,
3701,697,100449,2,0.1,100,,
4440,977,100807,7,0.5,100,,
3634,72,109,3,1.0,100,,535-fauna
3687,846,100679,6,0.1,200,,
3708,610,100585,4,0.0,100,,
3710,740,100455,1,0.0,100,,
3711,847,80,1,0.0,100,,
3712,847,100405,6,0.0,100,,
3713,847,100452,6,0.0,100,,
3715,758,100455,1,0.0,100,,
3716,748,100455,1,0.0,100,,
3717,742,100455,1,0.0,100,,
3718,741,100455,1,0.0,100,,
4740,1038,100971,3,1.0,100,,540
4038,913,129,2,,200,,
3670,836,100736,6,0.0,100,,
3671,836,100737,6,0.0,150,,
4412,939,100951,3,0.5,30,,
3657,750,100729,3,0.4,100,,
4220,939,30,3,0.1,40,,
3639,515,93,1,0.2,3,,
1214,368,99,1,0.05,20,,
3688,845,100743,7,1.0,100,,
3700,159,257,2,0.5,100,,
3719,363,250,2,0.1,10,,
3655,841,100728,7,1.0,5,,
3185,433,17,1,0.0,10,,525
3616,700,100722,3,0.1,80,,540BRPW
3693,186,250,1,1.0,100,,
4316,966,100688,1,0.3,100,,
4354,930,100859,1,0.0,100,,
2957,691,100472,2,0.6,130,<p>Database project coordinator</p>,540FLOS
4360,969,100317,1,0.1,3,,535NBLS
4747,1039,100492,2,0.1,100,,540
4756,1041,100992,3,0.6,200,,
4760,674,101075,1,1.0,100,,540
4778,1004,100459,2,0.0,3,,
4788,1047,100972,1,0.0,2,,
573,109,82,2,0.1,20,,
4808,1049,101098,8,0.1,9,,
4767,1042,254,2,1.0,100,,540
4803,1049,100028,8,0.1,20,,
3722,648,87,1,0.1,100,,
3723,648,100437,2,0.01,300,,
3727,848,100228,6,0.0,100,,
3728,848,100592,6,0.0,99,,
4225,942,100456,2,0.25,70,,
3732,475,100437,2,0.06,6,,
3739,170,100688,2,0.2,100,,
3725,814,93,2,0.1,60,,
2763,631,100444,6,0.02,100,,
3737,637,250,1,0.0,100,,
3738,752,100455,1,0.0,100,,
4826,778,100561,8,0.05,106,,
4280,957,100035,6,0.1,4,,
3742,639,93,2,0.0,100,,
3743,639,100260,2,0.0,100,,
4833,1052,100462,1,0.05,4,,
4292,959,56,1,0.1,5,,
3748,761,100455,1,0.0,100,,
3754,792,100516,1,0.0,100,,
3813,846,100660,2,0.01,100,,
3758,827,100688,1,0.0,100,,
3759,826,100688,1,0.0,100,,
3760,825,100688,1,0.0,100,,
3762,824,100688,1,0.0,100,,
3766,828,100714,7,0.0,100,,
3767,654,100479,7,0.0,100,,
3775,760,100455,1,0.0,100,,
3776,740,100106,6,0.0,100,,
3777,799,100653,7,0.0,100,,
3778,722,100565,7,0.0,100,,
3779,724,100566,7,0.0,100,,
3781,776,100608,7,0.0,100,,
3782,775,100606,7,0.0,100,,
3783,842,100741,7,0.0,100,,
3784,836,100719,7,0.0,100,,
3785,835,100717,7,0.0,100,,
3786,507,100233,6,0.0,100,,
3787,823,100692,7,0.0,100,,
3788,822,100691,7,0.0,100,,
3790,392,93,2,0.0,100,,
3791,392,99,1,0.0,100,,
3792,389,100746,1,0.0,100,,
1267,389,12,2,0.1,1,,
4840,1053,101115,7,1.0,10,,
3795,790,100133,6,0.0,100,,
3797,849,100133,6,0.1,100,,
3798,849,268,6,0.1,120,,
3800,850,100457,1,0.1,120,,
3801,850,100744,6,0.1,130,,
3802,850,100518,1,0.1,100,,
3804,609,100457,1,0.0,100,,
3805,810,100664,7,0.0,100,,
3807,678,100759,2,0.0,100,,
4441,977,100641,1,0.05,100,,
4844,1054,100448,1,0.1,100,,
3810,399,22,2,0.0,100,,
3811,399,108,2,0.0,100,,
3816,851,100750,1,0.0,1,,
3818,851,47,2,0.1,2,,
3817,851,8,2,0.1,3,,
3819,851,100440,5,0.07,5,,
3793,391,241,1,0.1,2,,
4014,907,156,1,0.01,1,,
4673,971,100964,3,0.0,100,,
4039,913,100460,8,1.0,300,,
3761,824,100695,7,0.0,300,,
4848,1055,100456,2,0.05,101,,
3837,847,100765,7,0.0,100,,
3825,853,100553,1,0.0,80,,
3827,853,100456,2,0.05,100,,
2912,363,100448,2,0.0,20,<p>Internal collaboration between Cheryl Lohr and Katherine Zdunic to create habitat maps of the Pilbara Islands</p>,
1291,363,12,1,0.0,30,,
3828,62,6,2,0.0,110,,
3829,595,100553,2,0.0,105,,
3117,664,100567,2,0.0,6,,
3831,315,32,1,0.0,100,,
3832,600,6,1,0.0,110,,
3803,55,47,1,0.8,1,,
3834,599,6,1,0.0,100,,
3763,825,100711,7,0.0,300,,
4688,980,100876,6,0.0,100,,
3838,828,100688,1,0.0,100,,
3371,777,100462,1,0.05,2,,
3839,680,100566,2,0.0,100,,
3726,848,137,1,0.1,98,,
4050,885,100805,2,0.0,100,,
3857,861,100771,7,1.0,1,,
3765,827,100713,7,0.0,300,,
3844,857,100688,2,0.01,300,,
3735,754,100729,3,0.0,100,,
3843,857,145,2,0.01,100,,
3845,857,156,2,0.01,200,,
3846,857,100660,2,0.01,400,,
3847,857,100674,8,1.0,500,,
3848,858,129,1,0.0,100,,
3851,858,100511,8,0.05,103,,
3852,858,100008,8,0.05,103,,
4331,967,100353,6,0.1,100,,
3853,859,100457,2,0.15,1,,
3850,858,100476,2,0.075,102,,
3856,860,24,1,0.0,100,,
3860,861,100509,6,0.08,3,,
3858,861,100459,1,0.05,10,,
3842,856,100750,1,0.3,100,,
3764,826,100712,7,0.0,300,,
3806,810,100516,1,0.0,100,,
3859,861,100510,6,0.1,2,,
3799,850,100757,7,1.0,110,,
3729,848,100752,7,0.0,1,,
3815,838,17,1,0.0,100,,
3796,849,100650,7,1.0,110,,
4323,691,100530,2,0.7,130,<p>Flora Conservation Officer</p>,
3774,717,100562,7,1.0,100,,
3773,717,100139,6,0.05,100,,
3772,717,250,1,0.1,100,,
3770,717,292,6,0.1,100,,
3769,820,250,1,0.1,100,,
3768,820,100683,7,1.0,100,,
4333,932,100923,7,1.0,100,,
4334,905,100121,6,0.05,100,,
4335,863,22,2,0.1,85,,
4336,130,93,2,0.05,120,,
4348,944,100927,6,0.05,100,,
4689,818,93,1,0.0,100,,
3789,387,93,1,0.0,100,,
3830,772,100745,3,0.0,100,,
4693,1026,100984,1,0.0,100,,
3870,863,100776,1,0.7,50,,
3925,881,142,2,0.05,100,,
4071,914,100759,1,0.1,2,,
4074,391,93,1,0.1,1,,
4015,907,100816,6,0.01,2,,
3923,881,100319,1,0.05,100,,
3926,881,257,2,0.04,100,,
3875,721,100485,8,0.05,100,,
3863,186,93,1,0.0,150,,
4674,971,101042,3,0.0,100,,
4028,911,100823,8,1.0,200,,
4657,980,100763,1,0.0,100,,
4142,923,100580,1,0.1,3,,
4223,869,22,1,0.05,100,,
4040,913,100065,8,0.1,400,,
3944,889,100458,1,0.0,2,,
3928,881,100794,7,1.0,300,,
3880,866,100085,6,0.05,100,,
3881,866,100606,7,1.0,50,,
3879,868,22,1,0.05,200,,
3884,870,100540,1,0.01,95,,
3891,871,100782,6,0.01,100,,
3932,882,100763,2,0.0,100,,
3886,870,100780,7,1.0,90,,
3861,862,60,1,0.6,100,,
3887,871,100553,1,0.01,92,,532
3888,871,100398,6,0.05,95,,
3885,870,100398,6,0.05,100,,
3883,870,100553,1,0.01,92,,532
3890,870,100782,6,0.01,100,,
3892,872,100641,1,0.0,100,,
4407,729,100570,8,0.0,150,,
3894,873,100641,1,0.05,100,<p>Part of Ashfield Flats Project</p>,
3897,873,100214,6,0.05,1,,
3904,875,100787,7,1.0,100,,
3901,875,100593,6,0.0,10,,
3903,875,100404,6,0.0,10,,
4136,921,100580,1,0.1,3,,
3910,878,100023,8,0.05,93,,
3911,878,100789,8,0.05,92,,
3912,878,100790,8,0.5,90,,
3913,878,142,2,0.01,100,,
3882,866,22,1,0.05,200,,
4065,43,100641,2,0.2,1,,
4226,942,100549,2,0.1,90,,
3915,879,100791,8,0.4,200,,
3916,879,100792,8,0.2,300,,
3919,880,142,1,0.0,100,,
3920,880,100319,1,0.0,100,,
3922,876,100641,1,0.0,100,,
4242,948,100169,3,0.0,120,,
3909,878,257,2,0.05,95,,
4454,981,307,2,0.2,200,,
4281,957,100317,1,0.1,5,,535NBLS
3927,881,100444,6,0.0,200,,
3900,874,100772,1,0.3,1,<p>Note: Andrew is working at 0.3 FTE over 5 months.</p>,52983OS
3942,890,100458,1,0.0,100,,
3943,889,100763,2,0.0,0,,
3871,864,100772,1,0.7,1,<p>Note time allocation is 0.7 FTE over 5 months</p>,52983OS
484,155,155,2,0.1,5,,
3945,891,100510,6,0.0,2,<p>co-supervisor</p>,
3946,891,100509,6,0.0,3,<p>co-supervisor</p>,
3947,891,100459,6,0.0,5,<p>Co-supervisor</p>,
3948,891,100771,7,1.0,1,<p>co-supervisor</p>,
3949,892,100456,1,0.05,100,,
3950,894,100456,1,0.05,100,,
3866,155,100774,1,0.1,6,,
4718,1004,100986,2,1.0,1,,538ARS
3953,897,100456,2,0.1,100,,
3954,897,100594,2,0.25,100,,
3955,893,100456,1,0.05,100,,
3956,893,100798,7,0.25,100,,
3957,898,100456,2,0.1,100,,
3958,899,307,1,0.0,100,,
3961,899,87,1,0.0,100,,
2887,672,100494,8,0.0,102,,
4086,916,100451,2,0.2,3,,
3895,873,100785,7,0.5,0,,
3872,865,22,1,0.05,100,,
3966,858,100065,8,0.05,103,,
3967,858,100804,8,0.05,103,,
4419,961,100958,8,0.05,100,,
4414,960,100953,8,0.05,6,,
4461,991,100457,1,0.01,100,,
3921,876,100783,8,0.0,90,,
499,150,132,3,0.8,9,,
4449,972,100317,2,0.01,110,,
1919,456,87,1,0.35,1,,
4077,915,6,1,0.1,7,,
3929,880,100008,6,0.0,300,,
4133,920,100580,1,0.1,3,,
3930,880,100795,7,0.0,200,,
3959,899,100800,6,0.0,200,,
3940,886,17,1,0.05,100,,
4088,884,100807,2,0.0,100,,
4096,885,100846,2,0.0,102,,
4080,915,100021,8,0.2,2,,
4099,668,100458,1,0.0,100,,
4102,882,100805,2,0.0,150,,
3931,882,100458,1,0.0,200,,
4849,1055,100983,8,0.05,102,,
3935,884,100458,1,0.0,200,,
3595,700,100475,2,0.8,60,<p>TEC Ecologist</p>,
3937,885,100458,1,0.0,200,,
4108,885,100849,8,0.0,101,,
3914,879,24,1,0.15,100,,
3902,875,137,1,0.1,20,,
4115,917,100457,1,0.0,100,,
4083,915,100843,8,0.1,5,,
4124,707,100449,2,0.0,101,,
4127,859,100553,2,0.1,3,,
4130,919,100663,6,0.1,100,,
4118,918,100851,7,1.0,100,,
3896,873,100561,6,0.05,1,,
4139,922,100580,1,0.2,100,,
3898,873,100786,6,0.05,1,,
4121,918,100852,6,0.1,130,,
3878,868,100779,7,1.0,50,,
3877,868,100778,6,0.05,100,,
3889,871,100781,7,1.0,90,,
3960,899,100801,7,0.0,300,,
3917,879,98,3,0.1,400,,
3918,879,55,3,0.1,500,,
4068,893,137,1,0.05,110,,
4016,907,100817,6,0.01,3,,
4029,911,100824,8,0.5,300,,
4041,913,100804,8,0.01,500,,
4048,912,100833,6,0.5,300,,
3973,666,100458,1,0.0,100,,
3974,904,145,1,0.05,100,,
3975,904,100006,8,0.1,200,,
3976,904,100810,7,1.0,400,,
3977,904,100033,1,0.1,300,,
4455,981,100800,8,0.2,300,,
2888,672,100503,8,0.0,102,,
4479,996,270,8,0.6,100,,
4483,997,299,8,0.0,104,,
4687,1011,101048,7,1.0,1,,
4722,1029,241,1,0.05,100,,535
4695,1027,100982,2,0.9,99,,
1918,456,307,2,0.9,5,,
4835,43,100451,2,0.02,100,,
4701,1030,241,1,0.1,100,,
4075,391,100788,2,0.6,3,,
2722,551,100429,8,0.85,97,"<p>Dr. Turner-Tomoszewicz hasl affiliations with The Ocean Foundation and offices of NMFS-SWFSC and NMFS SEFSC.</p>
<p>&nbsp;</p>
<p>Dr. Calandra Turner Tomaszewicz<sup>1,2</sup></p>
<p><sup>1</sup>The Ocean Foundation</p>
<p>2205 Milton Ct.</p>
<p>San Diego, CA 92110 USAcali.turner@gmail.com+1 (310) 871-6804</p>
<p>&nbsp;</p>
<p><sup>2</sup>National Marine Fisheries Service-Southwest Fisheries Science Center</p>
<p>8901 La Jolla Shores Dr.</p>
<p>La Jolla, CA 92037 USA</p>",
2711,551,100423,8,0.05,98,"<p>Dr. Jeffrey Seminoff<sup>2, </sup></p>
<p><sup>2</sup>National Marine Fisheries Service-Southwest Fisheries Science Center</p>
<p>8901 La Jolla Shores Dr.,La Jolla, CA 92037 USA</p>
<p>&nbsp;</p>",
2712,551,100424,8,0.05,99,"<p>Dr. Larisa Avens<sup>3</sup>,</p>
<p><sup>3</sup> &ndash; National Marine Fisheries Service, Southeast Fisheries Science Center, NOAA Beaufort Laboratory, 101 Pivers Island Rd, Beaufort, NC 28516, USA</p>",
3981,363,93,1,0.0,100,,
3840,854,100750,1,0.4,90,"<p>Megan Barnes will design the analysis, facilitate workshops, conduct the Multi-Criteria Analysis, and lead publication.&nbsp;</p>",
4084,916,241,1,0.1,1,,
4087,916,226,8,0.1,4,,
4089,730,100807,2,0.0,100,,
4097,187,93,1,0.05,10,,
4227,942,100448,2,0.05,95,,
4761,674,254,2,1.0,100,,540
4106,884,100849,8,0.0,101,,
3982,730,100763,2,0.0,80,,
4243,948,91,3,0.0,130,,
4103,883,100459,2,0.0,10,,
4704,1031,100807,2,0.0,100,,
4081,915,100840,8,0.5,1,,
4119,918,100021,6,0.1,120,,
4293,961,241,1,0.1,1,,
4269,956,100900,6,0.1,3,,
4122,708,100456,2,0.1,101,,
4125,151,100764,1,0.0,100,,
4487,170,100984,2,0.6,9,,
4131,919,100580,6,0.2,100,,
4140,922,100663,6,0.1,100,,
4147,924,100545,3,0.6,2,<p>Fiona provides remote sensing and spatial analysis input for new mapping</p>,540YOJ
4145,924,100448,1,0.0,3,<p>Katherine providing Remote Sensing analysis design and input</p>,
4149,924,100855,8,0.0,5,<p>Romeny is an aquatic scientist from DWER providing supervisory input</p>,
3899,872,100716,6,0.05,2,,
4152,360,100764,1,0.0,100,,
4069,892,100797,7,0.25,100,,
4154,892,100360,6,0.0,100,,
4707,1027,241,2,0.02,103,,
4157,925,100859,1,1.0,100,,
4161,608,100861,3,0.5,3,,
4164,785,100738,6,0.0,110,,
4471,994,243,1,0.2,100,,
3524,674,100686,3,1.0,102,<p>Senior Technical Officer</p>,
4400,949,100946,8,0.0,100,,
4408,729,100948,8,0.0,240,,
4337,22,100126,2,0.8,100,,
4340,940,100924,7,0.3,10,,
3893,872,100784,7,0.5,1,,
4355,930,100918,6,0.0,100,,
4361,969,100024,6,0.1,4,,
4366,476,100787,3,0.0,120,,
4710,1033,241,2,0.02,100,,
4297,960,241,2,0.05,4,,
4072,914,100838,6,0.1,3,,
4424,946,100360,6,0.0,300,,
4425,974,100377,2,0.05,200,,525
4700,1028,100969,1,0.4,10,,
4450,981,87,1,0.05,100,,
4422,921,100960,7,1.0,1,,
4719,86,100641,2,0.2,96,,
4458,989,100448,2,0.05,100,,528
4459,991,100456,1,0.05,100,,
4462,991,100377,1,0.01,100,,
4464,701,100532,1,1.0,100,,
4720,1027,101081,3,0.15,106,,
4473,994,32,2,0.1,100,,
4477,996,47,2,0.1,101,,
4481,997,100802,2,,103,,
4485,998,47,2,0.05,100,,
4489,995,100988,7,1.0,100,,
4475,995,268,6,0.1,100,,
4768,1042,101075,1,1.0,100,,540
4420,923,100664,7,1.0,1,,
4143,923,100663,6,0.1,2,,
4137,921,100663,6,0.1,2,,
4134,920,100516,1,0.1,4,,
4100,673,100848,3,0.6,16,,
4094,883,100848,3,0.0,30,,
4731,1036,100553,1,0.1,100,,
4727,1035,307,1,0.05,100,,
4730,1008,100807,5,0.01,8,,
4732,936,101069,3,1.0,100,,
4741,1038,100492,3,1.0,100,,540
4748,1040,100749,1,0.0,100,,540
4757,1041,15,3,-1.0,300,,
4775,1044,101060,1,1.0,100,,540
4779,1004,100972,2,0.0,4,,
4017,907,100818,6,0.01,4,,
4030,911,100660,2,0.01,100,,
4042,913,100829,8,0.01,600,,
4053,662,100805,2,0.0,100,,
3864,854,100450,2,0.15,100,"<p>Kinloch will actually be 0.2 in year 1 and 0.15 in the second year, But that can't be captured in this system.</p>
<p>The higher amount in year 1 factors in that the project may collaborate with other programs and therefore the compiling of the Aerial Shoot data over other tenures will be a larger task.</p>
<p>Janine Kinloch will conduct spatial analysis, and contribute to the publication.&nbsp;&nbsp;</p>",
4482,997,270,8,,100,,
4702,1030,100759,2,0.1,101,,
4705,1031,100458,1,0.0,100,,
4270,956,100843,8,0.05,4,,
4708,1027,100431,3,0.05,104,,
4460,991,100983,7,0.25,90,,
2889,672,100504,8,0.0,102,,
3985,732,100458,5,0.01,100,,
4058,865,100835,2,0.05,120,,
4711,1033,101019,9,0.02,101,,
4721,1027,101082,8,0.01,107,,
4676,971,101045,3,0.0,100,,
4090,669,100807,2,0.0,102,,
4110,669,100805,2,0.0,103,,
4696,1027,100157,9,0.05,100,,
4723,1029,100759,2,0.1,101,,535
592,150,105,3,0.8,8,,
3988,905,24,1,0.1,100,,
3990,905,100546,6,0.1,100,,
3991,905,100120,6,0.1,100,,
4035,846,100828,6,0.1,300,,
3994,661,100491,8,0.0,100,,
3997,849,100518,1,0.1,50,,
3998,906,100518,1,0.3,100,,
4070,914,241,1,0.1,1,,
4073,914,100839,7,1.0,4,,
4095,885,100845,2,0.0,101,,
4160,518,100861,3,0.5,3,,
4101,673,100846,3,0.05,18,,
4076,915,241,1,0.1,6,,
4085,916,100450,1,0.2,2,,
4728,1035,100980,2,0.5,100,,
4733,936,101003,3,0.0,100,,
4742,1038,136,3,1.0,100,,540
4749,1040,101060,1,0.0,100,,540
4444,977,100859,1,0.05,100,,
4758,1041,40,8,0.4,400,,
4244,948,100874,3,0.0,140,,
4762,674,101072,2,1.0,100,,540
4294,961,100735,2,0.6,2,,
4401,865,100874,3,0.0,450,,
4098,187,56,2,0.05,50,,
4163,729,22,2,0.0,100,,
4082,915,100842,8,0.1,3,,
4079,915,100841,8,0.2,4,,
4120,918,6,1,0.05,100,,
4409,729,100949,3,0.0,125,,
4126,908,100853,8,0.05,9,,
4769,1042,101072,2,1.0,100,,540
4138,922,100516,1,0.1,100,,
4129,919,100516,1,0.1,100,,
4144,924,100449,3,0.5,4,<p>Graham is a staff member of the Remote Sensing and Spatial Analysis team in DBCA and is providing spatial analysis support</p>,540YOJ
4146,924,100532,1,0.0,1,"<p>Michael is supervising the development, outcomes and reporting of the project</p>",
4148,924,100857,3,0.0,6,<p>Adam provides remote sensing and spatial analysis input on a casual basis</p>,
4150,924,100856,8,0.0,7,<p>Kylie is an aquatic scientist from DWER providing technical guidance on channel ecosystem mapping and evaluation</p>,
4151,713,100764,1,0.0,100,,
3989,905,100808,7,1.0,100,,
4153,893,100360,6,0.0,100,,
4834,43,100456,2,0.02,100,,
4415,960,100954,8,0.05,2,,
4158,681,100517,2,1.0,101,,
3053,711,100462,1,0.0,106,,
4349,196,100451,2,0.05,6,,
4067,196,100788,2,0.6,5,,
4356,930,100932,7,0.0,100,,
4362,969,100902,6,0.1,4,,
4421,922,100586,7,0.0,100,,
4426,974,113,8,0.1,100,,
4845,1036,101117,7,1.0,90,,
4465,992,100451,2,0.05,100,,
4789,1047,100028,6,0.0,3,,
4780,1007,101086,8,0.06,3,,
4457,701,100544,3,1.0,100,,
4463,990,100456,1,0.0,100,,
4784,1046,100491,6,0.0,2,,
4470,994,6,1,0.1,100,,
4472,994,92,2,0.1,100,,
4850,1055,100377,2,0.05,104,,
4478,996,100448,2,0.0,102,,
4480,997,47,2,0.1,101,,
4484,997,100448,2,0.0,102,,
4488,170,100985,3,0.8,11,,
4801,1049,100312,8,0.5,3,,
4490,995,100989,6,0.1,100,,
4476,995,100261,6,0.1,100,,
4804,1049,100804,8,0.1,5,,
4141,923,100516,1,0.1,4,,
4047,150,100830,3,0.6,10,,
4135,921,100516,1,0.1,4,,
4423,920,100961,7,1.0,1,,
4132,920,100663,6,0.1,2,,
4283,950,100788,2,0.2,3,,
1913,452,87,2,0.05,50,,
4809,1049,101099,8,0.1,10,,
3821,852,93,2,0.1,100,,
3153,732,100521,7,0.6,1,,
4853,1056,100641,2,0.01,102,,
4859,733,101019,1,0.05,100,,
4862,970,101120,3,0.0,100,,
4865,1057,100641,1,0.02,100,,
4868,116,100314,8,0.01,100,,
2481,59,127,2,0.2,200,,
2803,24,243,1,0.4,32,,
4871,599,11,6,0.0,150,,
4874,673,101085,3,0.0,30,,
4877,1058,101123,7,1.0,100,,
4880,1004,100848,3,0.0,4,,
4883,1059,101124,8,0.1,100,,
4776,1044,100544,2,1.0,1,,540
4564,1009,6,1,0.1,2,,
4492,999,87,2,0.05,100,,
4536,700,101001,2,0.6,70,,
4493,999,100980,2,0.5,100,<p>Position to be funded by RFMS Exmouth District and to work under the supervision of MSP scientists for years 1 and 2 and by Wheatstone Offset C for year 3</p>,
4506,1003,100845,2,1.0,2,,538ARS
4538,700,101003,3,1.0,70,,
4540,1008,100972,2,0.5,1,,
4533,700,100533,2,0.4,65,,
4521,1003,100458,1,0.0,3,,538ARS
4491,999,307,1,0.05,100,,
4494,1000,100314,8,0.0,100,,
4495,1000,145,1,0.0,100,,
4496,1000,100990,2,0.0,100,,
4497,170,100939,2,0.4,9,,
4498,170,100990,2,0.6,4,,
4499,170,307,2,0.2,10,,
4500,1001,100980,2,0.5,100,,
4501,1001,87,2,0.05,200,,
4502,1002,156,1,0.05,1,,
4503,1002,100990,2,0.01,2,,
4504,1002,145,2,0.01,3,,
4505,1002,100991,8,0.2,4,,
4508,1005,87,1,0.05,200,,531
4509,1005,307,1,0.1,100,,531
4510,1005,100800,6,0.0,100,,
4511,150,100166,3,0.6,7,,
4677,971,101046,3,0.0,100,,
458,150,49,3,0.3,2,,
2193,150,100163,3,0.3,4,,
3867,154,100774,1,0.2,2,,
4547,978,100763,1,0.1,100,,
4548,979,100763,1,0.1,100,,
4514,1006,100377,1,0.4,100,,
4515,1006,100951,3,0.1,300,,
4516,1006,100456,2,0.1,200,,
4565,1009,146,3,0.1,3,,
4517,150,100992,3,0.2,12,,
4518,150,100993,3,0.6,11,,
4792,142,100169,3,0.4,50,,
4543,411,100992,3,0.6,100,,
4537,700,101002,3,0.8,70,,
4794,858,101091,7,0.8,104,<p>PhD Student/casual employee</p>,
4520,1004,100458,1,0.0,5,,538ARS
3865,150,100774,1,0.7,1,,
4523,550,100319,2,0.01,100,,
2328,550,142,2,0.02,100,,
4524,966,100939,2,0.05,100,,
4525,720,100995,8,1.0,300,,
4526,983,100525,1,0.05,100,,
4527,983,100996,6,0.05,200,,
4529,983,100998,7,1.0,100,,
4531,682,100580,2,1.0,1,,527SCI1S
4846,853,101109,8,0.05,106,,
4535,1007,100972,2,0.5,1,,
4534,1007,100458,1,0.0,2,,
4563,1009,241,1,0.2,1,,
4857,883,101085,3,0.0,40,,
4697,1027,100440,9,0.05,101,,
4550,980,100935,7,1.0,100,,
4837,1053,100995,6,0.05,100,,
4699,1027,251,1,0.05,105,,
4712,1033,101077,9,0.02,103,,
4507,1004,100845,2,0.0,2,,538ARS
3669,196,100735,2,0.6,4,,
4542,411,82,1,0.2,50,,
2857,669,100458,1,0.0,95,,
4554,167,243,2,0.1,150,,
4860,971,101120,3,0.0,100,,
4513,109,100912,2,0.3,10,,536
4556,366,100973,1,0.5,60,,
4557,130,100973,1,0.5,80,,
4558,950,100759,2,0.4,100,,
4729,1035,87,2,0.05,200,,
4569,1011,241,1,0.1,1,,
4570,1011,101010,6,0.2,2,,
4571,1011,100901,6,0.1,3,,
4539,1008,100458,1,0.02,2,,
4734,936,101029,3,1.0,100,,
4574,1005,101011,7,0.5,100,,
4577,1014,100641,1,0.01,80,,
4544,1007,100576,5,0.06,5,,
4575,1014,101012,7,0.5,10,,
4805,1049,101095,8,0.05,6,,
4559,1008,100495,8,0.03,4,,
4561,1008,101008,8,0.06,3,,
4560,1008,100950,5,0.03,5,,
4576,1014,100926,6,0.05,20,,
4578,1014,100456,1,0.01,90,,
4580,184,100641,2,0.0,100,,
4581,1015,101013,8,0.1,100,,
4582,1015,100776,2,0.05,110,,
4583,1015,100641,2,0.1,120,,
4584,1015,101014,9,0.0,105,,
4743,1038,101024,3,1.0,100,,540
4572,1012,100457,1,0.1,100,,
4750,1040,100557,1,1.0,100,,540
4763,674,101081,2,1.0,100,,540
4770,1042,101081,2,1.0,100,,540
4545,1007,100950,5,0.06,6,,
4562,1007,100495,8,0.03,7,,
4546,1007,100641,5,0.03,8,,
4851,1056,100553,1,0.05,100,,
4785,1046,101088,7,0.0,1,,
4790,1047,101090,7,0.0,1,,
4863,970,101121,3,0.0,100,,
4866,1057,101122,7,1.0,100,,
4649,1023,100990,1,0.01,100,,
4869,59,243,1,0.4,50,,
3849,858,145,8,0.05,103,<p>AIMS collaborator</p>,
4872,59,32,2,0.1,300,,
4875,673,101009,3,0.0,80,,
4878,1058,100744,1,0.1,100,,
4881,1059,243,1,0.1,100,,
4884,1059,6,1,0.0,100,,
4886,1060,100199,2,0.2,100,,
4888,1060,101125,8,0.0,100,,
4890,640,307,2,0.05,100,,
4893,351,101127,8,0.0,50,,
4841,711,100589,8,0.5,150,,527HRR
4896,821,101128,8,0.01,100,,
4802,1049,100832,8,0.1,4,,
4810,1049,101100,8,0.1,11,,
4836,43,101113,8,0.05,150,,
3820,852,100750,1,0.3,1,,
4633,732,100494,5,0.025,10,,
4631,1018,100458,5,0.0,50,,
4634,861,100458,5,0.0,50,,
3986,852,100668,9,0.05,100,,
3987,852,24,2,0.1,20,,
4585,707,100451,2,0.2,102,,
4586,708,100594,2,0.5,102,,
4827,159,100872,5,0.25,11,,
4636,679,100566,2,0.5,2,,
4613,1016,100398,8,0.0,16,,
4838,1053,100539,6,0.05,50,,
4842,1054,270,8,0.1,100,,
4587,86,100859,2,0.5,90,,
4588,86,22,1,0.0,70,,
4589,86,100553,2,0.0,95,,
4847,1055,100553,1,0.05,100,,
4590,144,100559,7,0.0,50,,
4852,1056,100456,2,0.01,101,,
4592,1016,100641,1,0.2,10,,
4591,1016,100553,1,0.2,11,,
4593,1016,100859,2,0.2,14,,
4595,1016,30,3,0.05,14,,
4596,1016,100053,2,0.05,15,,
4597,691,100798,3,0.7,150,<p>Conservation Officer Flora</p>,540FLOS
2955,691,154,1,0.8,100,<p>A/Senior Conservation Botanist</p>,540FLOS
4599,691,100728,3,1.0,160,<p>Technical Officer Flora</p>,540FLOS
4598,691,100822,1,0.8,110,<p>Senior Biodiversity Conservation Officer</p>,540FLOS
4855,673,101118,2,0.8,2,,
4627,1018,101018,7,1.0,1,,
3983,669,100459,2,0.0,30,,
4629,1018,101017,6,0.05,5,,
4051,883,100805,2,0.0,100,,
4904,1061,87,2,0.05,300,,
4606,861,100511,6,0.0,4,,
4092,883,100846,3,0.0,20,,
4105,883,100763,2,0.0,50,,
893,167,25,2,1.0,45,,
4104,883,100753,2,0.0,75,,
4430,883,100458,1,0.0,90,,538
4609,1012,100919,2,0.8,100,,
4607,883,101009,3,0.0,80,,
4858,883,101119,3,0.0,35,,
4611,55,127,2,0.4,3,,
4612,883,100527,2,0.0,85,,
4601,976,101016,6,0.0,200,,
4861,971,101121,3,0.0,100,,
4678,971,101002,3,0.0,100,,
4698,1027,100136,9,0.05,102,,
4713,1033,101078,3,0.02,102,,
892,167,97,3,0.25,60,,
4615,667,100491,8,0.0,100,,
4616,667,100845,3,0.0,102,,
4617,667,100846,3,0.0,104,,
4618,661,100846,3,0.0,100,,
4864,1057,100716,8,0.05,100,,
4620,111,100992,3,0.2,3,,
4622,1017,100465,1,0.05,1,,
4623,484,15,1,0.0,100,,
4806,1049,101096,8,0.1,7,,
4628,1018,100519,6,0.05,5,,
4630,1018,100113,6,0.05,6,,
4626,1018,100459,1,0.025,10,,
4744,1038,100530,3,1.0,100,,540
4751,1040,101034,3,1.0,100,,540
4621,116,100990,1,0.05,1,,
4764,674,100982,2,1.0,100,,540
4771,1043,100749,1,0.0,100,,
2862,673,100459,2,0.1,1,,529RS
3542,831,145,8,0.01,100,,
4867,1023,156,2,0.01,100,,
2480,59,92,2,0.2,100,,
4639,24,100912,2,0.3,100,,
4640,1020,100199,2,0.2,10,,
4641,1021,307,2,0.05,100,"<p>Participating in workshops, providing advice on data availability, negotiating data sharing agreements</p>",
4642,1021,87,2,0.05,100,<p>Participating in workshops and providing advice.</p>,
4644,1016,101020,2,0.0,13,,
4870,653,100747,7,0.4,100,,
4786,1046,100458,1,0.0,1,,
4791,937,101052,2,1.0,100,,
4793,154,100993,3,0.2,7,,
4795,858,101092,7,0.8,105,<p>Honours Student</p>,
4873,673,101119,3,0.0,25,,
4799,1049,100660,2,0.05,1,,
2898,673,100458,1,0.0,100,,
4876,1058,92,1,0.1,100,,
4879,1058,243,1,0.1,100,,
4882,1059,100975,2,1.0,100,,
4885,1060,243,1,0.1,100,,
4887,1060,101124,8,0.0,100,,
4891,640,100892,8,0.25,200,,
4894,105,100990,1,0.0,100,,
4895,167,100169,3,0.0,100,,
4897,821,100688,1,0.01,1,,
4898,369,101128,8,0.1,100,,
4899,483,129,1,0.05,1,,
4905,1061,101126,8,0.25,400,,
846,167,108,2,0.0,20,,
4900,170,129,2,0.2,2,,
4901,938,100939,1,0.05,1,,
4902,938,100990,2,0.02,2,,
4903,1061,100984,2,0.05,200,,
4906,1061,101129,8,0.05,500,,
4907,1062,156,1,0.05,1,,
4908,1062,101131,7,1.0,2,,
4909,1062,100167,2,0.05,3,,
4910,1062,101132,2,0.05,4,,
4911,1062,100881,6,0.05,5,,
4912,1062,101134,6,0.05,6,,
4913,105,100060,8,0.01,100,,
4915,55,101116,2,0.8,2,,
4914,55,8,4,0.0,4,,
3014,705,139,8,,1,"<p>Ryonen Butcher is listed as Joint Investigator on this ABRS grant, and is conducting the bulk of the research as taxonomic expert on <em>Tephrosia</em>.</p>",
4735,1037,100749,1,0.0,75,,
4889,59,100975,2,0.1,250,,
4811,1049,101101,8,0.1,12,,
4624,1008,101021,8,0.2,6,,
4594,1016,100456,2,0.05,12,,
1492,127,139,8,,1,<p>Ryonen Butcher is&nbsp;listed as&nbsp;Joint Investigator on the ABRS grant and is the person conducting the research.</p>,
4993,925,101181,1,0.7,50,,
4994,925,101164,3,0.2,175,,
4995,1016,100592,2,1.0,12,,
4996,1016,101184,3,1.0,12,,
4997,1016,101186,2,1.0,11,,
4918,1063,156,2,0.02,100,,
4999,1075,100972,2,0.6,1,,
4998,1075,100458,1,0.0,2,,
4916,1063,101084,1,1.0,100,,
4917,1063,100465,2,0.02,85,,
5000,1075,101085,3,0.4,3,,
4919,885,100763,2,0.0,103,,
4920,737,101019,1,0.0,100,,
4921,972,100571,9,0.0,200,,
4922,972,100440,9,0.0,250,,
4923,515,101000,2,0.0,100,,
4924,1047,100458,5,0.0,4,,
4925,661,100763,5,0.0,101,,
4927,736,101019,1,0.0,100,,
4928,814,241,2,0.05,200,,
4929,734,101019,1,0.0,100,,
4930,754,101083,3,0.0,100,,
4932,1028,100951,3,0.25,100,,
4933,1028,30,3,0.2,100,,
4934,1028,100457,2,0.05,100,,
4931,939,100969,2,0.2,20,,
4935,659,101019,1,0.0,100,,
4936,86,101108,2,0.5,92,,
4938,1065,100749,1,0.0,100,,
4940,1065,101029,3,1.0,100,,540
4941,1065,101003,3,1.0,100,,540
4943,1065,101069,1,1.0,100,,539
4944,1065,100798,3,1.0,100,,540
4945,1065,100728,3,1.0,100,,540
4946,1061,307,1,0.5,100,,
4948,1037,100448,5,0.0,100,,
4947,1037,100472,1,0.0,80,,
4949,1040,100475,1,1.0,100,,540
4950,1042,100982,2,1.0,100,,
4952,1043,101151,3,1.0,100,,540FLOS
4953,950,102,2,0.0,100,,
4954,196,102,2,0.0,100,,
4955,1066,100934,1,0.0,100,,
4956,1066,101073,2,0.0,100,,
4817,1036,100398,6,0.1,101,,
4960,1056,101109,8,0.0,100,,
4959,1048,100458,9,0.0,100,,
4962,1048,101153,9,0.0,300,,
4961,1048,101051,9,0.0,200,,
4939,1065,100472,1,1.0,1,,540
4963,1067,241,1,0.05,1,,
4964,1067,102,3,0.05,2,,
4965,1067,100735,2,0.01,3,,
4966,1067,158,2,0.05,4,,
4957,1008,101054,8,0.2,100,,
5001,1016,101187,3,1.0,12,,
4967,1065,100839,3,0.0,100,,
4968,1065,101161,3,1.0,100,,540
4969,1065,101160,3,1.0,100,,540
4970,1065,101152,3,1.0,100,,540
4971,1068,101112,3,0.1,100,,
4972,1068,100540,2,0.5,1,,
4973,1068,100462,1,0.0,1000,,
4974,858,100437,2,0.05,103,,
4975,1069,100934,1,0.0,100,,
4976,1070,100660,1,0.2,1,,
4977,1070,156,1,0.05,2,,
4978,1070,100832,2,0.05,3,,
4979,1071,100660,1,0.1,1,,
4980,1071,156,1,0.05,2,,
4981,1072,100934,1,0.0,100,,
4983,1073,101021,2,0.2,100,,
4984,1073,100763,5,0.0,100,,
4986,1073,101085,5,0.0,100,,
4990,1074,100807,2,0.05,100,,
4991,1074,101021,2,0.05,100,,
4987,1074,100763,1,0.4,10,,
4989,1074,101085,2,0.6,30,,
5005,1077,100491,6,0.0,200,,
4926,184,101136,8,0.4,100,,
4982,1073,100807,1,0.5,99,,
4992,1073,101175,2,1.0,101,,
4985,1073,100458,1,0.05,102,,
4988,1074,100458,1,0.025,101,,
5006,1078,101191,7,0.0,100,,
5007,1078,100491,6,0.0,200,,
5008,1078,100458,7,0.0,300,,
5009,1079,22,1,0.05,10,,
5010,1079,108,2,0.1,20,,
5011,1079,100776,2,0.05,30,,
5012,1079,100169,3,0.1,40,,
5013,1079,91,3,0.1,50,,
