id,project_id,area_id
2885,165,32
2886,165,33
2887,165,34
2888,165,35
2889,165,36
2890,165,38
2891,165,1
2892,165,42
2893,165,7
2894,165,44
2895,165,45
2896,165,15
2897,165,23
2898,165,26
2899,165,30
2931,140,28
2932,140,29
2933,140,30
2934,140,31
2935,140,32
2936,140,33
2937,140,34
2938,140,35
2939,140,36
2940,140,46
2941,140,47
2942,140,48
2943,140,49
2944,140,50
2945,140,51
2946,140,52
2947,140,53
2948,140,54
2949,140,55
4189,95,35
80478,912,64
80479,912,72
80480,912,74
80481,912,76
81892,1016,33
2950,140,56
2951,140,57
2952,140,58
2953,140,59
2954,140,60
2955,140,61
3004,131,82
3005,131,84
3006,131,85
67921,712,2
67922,712,6
81893,1016,59
81894,1016,38
4190,95,45
4191,95,15
81895,1016,42
81896,1016,44
81897,1016,45
81898,1016,46
81899,1016,15
81900,1016,49
81901,1016,53
81902,1016,23
81903,1016,57
81904,1016,47
84292,366,43
84293,366,22
84294,366,31
25861,635,48
25862,635,1
25863,635,36
68696,752,34
68697,752,59
68698,752,42
54503,610,2
54504,610,43
54505,610,54
54506,610,8
54507,610,10
68699,752,23
54508,610,11
40401,120,82
40402,120,83
40403,120,84
40404,120,85
54509,610,12
51348,770,34
51349,770,59
51350,770,42
51351,770,23
1294,182,32
1295,182,30
1296,182,36
1297,182,35
1298,182,34
1305,173,46
1306,173,32
41307,43,34
41308,43,42
41309,43,45
2667,114,31
2684,128,58
2685,128,43
2686,128,76
2687,128,30
2707,161,82
12519,101,43
12520,101,83
12521,101,19
12522,101,29
2712,177,82
2857,190,34
41310,43,15
44017,704,32
44018,704,33
44019,704,34
44020,704,42
2900,156,32
16792,473,2
44021,704,44
44022,704,45
44023,704,46
16793,473,3
16794,473,4
16795,473,5
16796,473,6
16797,473,8
16798,473,9
3542,244,32
3543,244,46
44024,704,23
1353,236,28
2901,156,33
2902,156,34
2903,156,35
2904,156,36
44025,704,57
44026,704,59
54453,760,34
54454,760,59
45979,501,49
45980,501,26
45981,501,35
45982,501,53
54455,760,42
54456,760,23
54510,610,50
54511,610,61
3591,89,33
3592,89,34
16799,473,10
16800,473,11
2905,156,38
2906,156,1
2907,156,41
2908,156,42
1380,141,28
1381,141,36
13383,522,43
13384,522,28
13385,522,62
54512,610,16
54513,610,18
3270,148,28
3271,148,29
3272,148,30
3273,148,31
3274,148,32
3275,148,33
3276,148,34
3277,148,35
3278,148,36
3279,148,46
3280,148,47
3281,148,48
3282,148,49
3283,148,50
3284,148,51
3285,148,52
84658,1030,31
3286,148,53
3287,148,54
3288,148,55
3289,148,56
3290,148,57
3291,148,58
3292,148,59
3293,148,60
3294,148,61
16801,473,12
16802,473,16
54514,610,52
54515,610,30
18521,405,43
18522,405,22
54516,610,22
54517,610,24
18523,405,31
16076,137,1
16077,137,5
16078,137,38
16079,137,7
16080,137,9
16081,137,42
16082,137,23
16083,137,44
16084,137,45
16085,137,17
16086,137,82
16087,137,83
12523,64,1
12524,64,36
12525,64,38
12526,64,41
12527,64,42
12528,64,44
12529,64,23
16088,137,41
16089,137,26
2909,156,7
2910,156,44
2911,156,45
2912,156,30
1471,134,28
1472,134,36
1473,134,34
54518,610,31
54519,610,28
54520,610,29
54521,610,62
67923,712,8
54522,610,63
51835,524,43
51836,524,22
51837,524,31
1488,129,30
1489,129,28
79470,404,43
79471,404,22
79472,404,31
16271,469,19
16272,469,43
16273,469,6
16274,469,11
16275,469,29
16276,469,50
16277,469,3
16278,469,21
16279,469,24
16280,469,25
13427,495,32
13428,495,44
13429,495,46
16281,469,61
3145,103,82
3146,103,83
3147,103,84
3148,103,85
3149,103,86
16803,473,18
16804,473,20
16805,473,21
15819,126,82
15820,126,83
2971,138,32
67924,712,9
67925,712,11
73484,433,32
2972,138,33
2973,138,34
2974,138,35
2975,138,36
2976,138,1
16806,473,22
16807,473,24
16808,473,25
73485,433,33
73486,433,34
16406,442,33
16407,442,49
16408,442,15
16492,520,82
16493,520,83
73487,433,36
16494,520,84
16495,520,85
3251,8,32
3252,8,33
3295,35,82
3296,35,83
3297,35,84
3298,35,85
3299,35,86
2977,138,9
2978,138,42
2979,138,7
1566,115,31
6741,539,66
1568,113,34
6742,539,43
6743,539,29
40979,513,3
40980,513,6
40981,513,43
40982,513,29
3409,84,26
3410,84,35
3411,84,44
3412,84,53
3413,84,45
54869,794,48
53275,626,1
51740,273,30
53276,626,5
3593,88,33
3594,88,34
3595,88,42
3596,88,45
3597,88,15
3598,88,87
3623,54,28
3624,54,35
3625,54,36
3626,54,33
3637,60,28
58726,400,43
58727,400,22
58728,400,31
73488,433,41
73489,433,44
73490,433,45
84375,881,66
3645,19,30
10994,437,23
10995,437,42
10996,437,59
10997,437,34
10998,437,77
1623,108,17
1624,108,32
1625,108,44
1626,108,36
1627,108,43
1628,108,1
1629,108,62
1630,108,7
1631,108,87
1632,107,31
40983,513,50
40984,513,61
53277,626,7
53278,626,9
2655,6,29
2656,6,30
2657,6,31
53279,626,15
4319,124,82
4320,124,83
4321,124,84
4322,124,85
84376,881,29
84377,881,61
1646,102,33
1647,102,15
1648,102,45
1649,102,42
1650,102,34
4323,124,86
1655,100,28
1656,100,29
1657,100,35
1658,100,36
11156,479,1
11157,479,15
11158,479,17
1663,98,27
1664,98,18
1665,98,30
1666,98,28
1667,98,43
1668,98,41
1669,98,1
1670,98,5
1671,98,8
51741,273,54
53280,626,17
53281,626,18
67926,712,14
1677,96,35
11159,479,23
11160,479,26
11161,479,32
11162,479,33
11163,479,34
11164,479,35
11165,479,36
11166,479,38
11167,479,42
11168,479,44
11169,479,45
53282,626,23
53283,626,26
53284,626,32
2688,133,74
2689,133,43
2690,133,52
2691,133,31
2708,162,28
53285,626,33
67927,712,19
79473,719,31
56576,582,82
15747,465,33
15748,465,34
15749,465,42
15750,465,45
15751,465,80
15752,465,23
15753,465,59
15821,126,84
15822,126,85
15823,126,86
5256,388,43
5257,388,22
3839,17,36
5258,388,31
12605,588,50
12606,588,43
12607,588,21
12608,588,66
12609,588,29
53286,626,34
53287,626,35
16809,473,27
16810,473,28
16811,473,29
16812,473,30
16813,473,31
16814,473,41
16815,473,43
16369,135,82
16370,135,83
16371,135,84
16372,135,85
16816,473,50
19973,500,32
19974,500,44
2658,104,31
16817,473,52
16818,473,58
16819,473,61
16820,473,62
16821,473,63
3212,53,36
3577,97,1
3578,97,27
3579,97,43
3580,97,30
3581,97,41
19975,500,46
19976,500,7
20008,628,16
3627,69,36
20009,628,18
20010,628,43
20011,628,28
20012,628,62
3253,39,32
3254,39,33
3255,39,34
3256,39,35
3257,39,36
40953,319,33
40954,319,47
40955,319,45
40956,319,23
4642,398,43
4643,398,22
4644,398,31
3638,52,31
3646,18,41
3647,18,30
3648,18,23
1777,70,26
1778,70,45
1779,70,35
1780,70,53
1781,70,44
1785,67,31
11170,479,46
11171,479,48
3258,39,38
3259,39,1
3260,39,9
3261,39,42
3262,39,7
3263,39,44
3264,39,45
16373,135,86
3265,39,15
3266,39,23
3267,39,26
3268,39,30
11172,479,49
11173,479,53
11174,479,55
11175,479,57
11176,479,59
11177,479,60
11178,479,87
54870,794,33
54871,794,23
58630,399,43
58631,399,20
26771,636,36
25292,577,64
25293,577,65
25294,577,66
25295,577,67
25296,577,68
25297,577,69
25298,577,70
25299,577,71
25300,577,72
25301,577,73
25302,577,74
25303,577,76
25304,577,78
25305,577,41
1856,50,30
1857,50,36
1858,50,60
1859,50,61
1860,50,35
1861,50,34
1862,50,48
1863,50,49
1864,50,46
1865,50,47
1866,50,28
1867,50,29
1868,50,59
1869,50,58
1870,50,55
1871,50,32
1872,50,31
1873,50,56
1874,50,51
1875,50,50
1876,50,53
1877,50,52
1878,50,33
1879,50,54
1880,50,57
1881,49,52
25306,577,29
25307,577,30
25308,577,31
3436,63,57
3437,63,34
3438,63,42
3439,63,15
3452,40,33
3453,40,35
3454,40,42
3455,40,45
3456,40,15
3457,40,26
5879,333,43
5880,333,22
5881,333,31
5577,521,43
5578,521,22
5579,521,31
1882,49,56
1883,49,30
1884,48,30
1885,48,36
1886,48,60
1887,48,61
1888,48,35
1889,48,34
1890,48,48
1891,48,49
1892,48,46
1893,48,47
1894,48,28
1895,48,29
1896,48,59
1897,48,58
1898,48,55
1899,48,32
1900,48,31
1901,48,56
1902,48,51
1903,48,50
1904,48,53
1905,48,52
1906,48,33
1907,48,54
1908,48,57
9877,536,19
9878,536,43
9879,536,29
9880,536,61
1913,41,61
1914,41,29
1915,41,50
16822,130,43
16823,130,22
16824,130,31
13940,71,8
13941,71,18
13942,71,43
13943,71,28
3582,92,17
3583,92,36
3584,92,87
3605,79,33
3606,79,34
3607,79,59
3608,79,60
3609,79,47
3628,68,32
1938,38,33
1939,38,45
1940,38,23
3629,68,46
3639,37,30
3649,7,32
3650,7,33
3651,7,34
3652,7,35
3653,7,36
12265,583,49
14129,497,73
14130,497,31
1966,34,30
1967,34,15
1968,34,17
1969,34,33
1970,34,32
1971,34,44
1972,34,45
1973,34,36
58632,399,24
67928,712,22
40503,197,26
40504,197,35
1974,34,35
1975,34,34
1976,34,1
1977,34,7
1978,34,9
1979,34,41
1980,34,87
1984,370,82
1985,370,83
1986,370,84
1987,370,85
15018,330,43
15019,330,22
15020,330,31
12266,583,35
12267,583,45
58633,399,28
58634,399,29
12268,583,15
2008,25,26
2009,25,45
2010,25,35
44613,681,22
44614,681,31
14131,497,84
14132,497,22
14133,497,52
58635,399,30
67929,712,25
67930,712,27
53539,503,32
53540,503,51
53541,503,46
53542,503,7
56577,582,83
56578,582,84
67931,712,30
2030,23,33
2031,23,35
2032,23,34
67932,712,41
53288,626,38
53289,626,41
56579,582,85
67933,712,43
58636,399,31
52840,759,34
2038,20,35
2039,20,49
53290,626,42
58547,821,80
58548,821,34
55286,711,82
55287,711,83
14758,308,43
14759,308,22
2049,2,35
2050,15,35
2051,14,35
2052,13,33
2053,13,35
2054,12,33
2055,11,33
2056,11,35
2057,10,33
2058,10,34
2059,9,32
2060,9,28
2061,9,36
14760,308,31
55288,711,84
55289,711,85
55290,711,86
54872,794,45
53291,626,43
53292,626,44
53293,626,45
54873,794,81
5193,80,43
5194,80,22
5195,80,31
9832,565,2
9833,565,43
9834,565,52
9835,565,22
9836,565,31
16318,121,34
16319,121,5
16320,121,42
2072,5,33
2073,5,34
2074,4,82
15873,106,74
3501,406,31
16321,121,43
16322,121,23
2980,138,44
2981,138,45
2982,138,15
2983,138,41
2984,138,23
2985,138,26
15874,106,43
15875,106,31
16323,121,28
58549,821,59
73491,433,15
56580,502,82
53294,626,46
84080,889,34
53295,626,47
84081,889,59
84082,889,42
84083,889,23
84144,648,8
84145,648,2
84146,648,30
84147,648,22
84148,648,31
56581,502,83
55395,645,52
55396,645,74
6811,546,19
6812,546,50
6813,546,43
6814,546,66
2119,153,82
55397,645,84
55398,645,22
55399,645,31
6815,546,29
3610,78,49
3611,78,35
3630,65,33
3631,65,34
3632,65,35
3654,3,34
3655,3,28
84659,1029,36
84876,882,34
84877,882,42
84878,882,23
43024,515,27
18557,342,43
18558,342,61
18559,342,22
43025,515,58
43026,515,43
43027,515,76
40505,197,45
40506,197,47
43028,515,30
44930,655,80
44931,655,34
44932,655,59
44933,655,42
44934,655,23
58550,821,76
58551,821,58
85502,1078,34
85503,1078,59
54874,472,82
53296,626,48
53297,626,49
53298,626,51
53299,626,53
53300,626,55
2167,409,31
2168,409,28
2169,409,43
2170,409,16
2171,408,31
2172,408,43
2173,408,22
2174,407,28
2175,407,36
85504,1078,42
6855,252,33
53301,626,56
53302,626,57
6856,252,47
2184,397,31
2185,396,31
6857,252,15
53303,626,59
52841,759,59
73492,433,17
71951,963,69
73493,433,26
52842,759,42
73494,433,30
2209,328,29
2210,327,24
2211,327,11
2212,327,27
2213,327,20
2214,327,22
2215,327,16
2216,327,18
2217,327,31
2218,327,30
2219,327,28
2220,327,29
2221,327,43
2222,327,2
2223,327,5
2224,327,4
2225,327,8
2226,327,12
2227,327,10
15687,530,82
15177,562,32
15178,562,35
15179,562,36
15180,562,49
56582,502,84
56583,502,85
15181,562,38
15182,562,7
2639,439,8
2640,439,74
2641,439,43
2238,279,28
2239,279,5
2240,279,43
2241,278,31
15183,562,43
15184,562,44
15185,562,46
15186,562,48
15187,562,17
2642,439,52
2643,439,31
15188,562,18
15189,562,55
15190,562,28
15191,562,62
15688,530,83
15689,530,85
5866,332,43
5867,332,29
5868,332,22
2817,85,33
2818,85,34
2819,85,35
2820,85,42
2821,85,44
5869,332,31
54875,472,84
54876,472,85
51811,297,8
51812,297,43
85356,191,33
85357,191,34
85358,191,35
85359,191,45
85360,191,15
51813,297,22
2257,376,56
2258,376,27
2259,376,28
2260,376,87
2619,464,73
2620,464,22
79722,883,34
79723,883,59
16324,183,9
16325,183,30
16326,183,54
2268,258,38
2269,258,32
2270,258,51
2271,258,36
2272,258,43
2273,258,1
2274,258,18
2275,258,28
16327,183,41
19994,157,74
19995,157,43
19996,157,52
81905,1016,60
40415,477,33
40416,477,42
2289,292,26
2290,292,60
2291,292,42
2292,371,48
2293,371,36
19997,157,22
19998,157,31
2710,179,82
84819,971,82
18560,342,31
18628,498,73
18629,498,31
18630,498,84
18631,498,22
18632,498,52
84820,971,84
78352,679,34
16048,94,25
16049,94,19
16050,94,29
16051,94,6
16052,94,43
75119,914,43
75120,914,22
78353,679,59
63718,870,33
78354,679,42
16205,152,82
16206,152,83
16207,152,84
16208,152,85
16209,152,86
3024,119,32
3025,119,26
3026,119,44
3027,119,7
40417,477,45
40418,477,15
40419,477,57
40420,477,26
40421,477,60
2822,85,45
2823,85,15
2824,85,26
16231,91,33
84821,971,85
66932,917,82
66933,917,83
42240,743,34
2858,188,4
2859,188,5
42241,743,59
42242,743,42
42243,743,23
2860,188,8
2861,188,10
2862,188,43
2863,188,12
2864,188,16
2865,188,18
66934,917,84
55291,702,82
55292,702,83
55293,702,84
2866,188,20
2867,188,22
2868,188,27
2869,188,28
2870,188,30
2871,188,31
45030,656,2
45031,656,43
45032,656,52
16232,91,35
16233,91,42
45033,656,74
83162,159,67
62742,894,31
16234,91,45
16235,91,15
16236,91,63
52843,759,23
55294,702,85
83163,159,43
3150,83,31
83164,159,29
83165,159,31
78355,679,23
15765,168,82
15766,168,83
15767,168,84
15768,168,85
15798,485,33
15799,485,1
15800,485,7
15801,485,44
15802,485,45
15803,485,49
66935,917,85
65817,854,66
29898,535,82
2649,372,52
2650,372,31
2666,122,82
29899,535,84
3000,132,41
15434,594,2
65818,854,3
65819,854,43
65820,854,29
44818,698,28
44819,698,43
44820,698,12
2711,178,82
15881,449,8
15882,449,43
3001,132,27
3002,132,30
3003,132,54
15883,449,28
2767,99,32
2768,99,17
2769,99,44
2770,99,7
15435,594,3
15436,594,4
15437,594,6
15438,594,8
26562,525,29
18580,617,7
18581,617,9
3269,1,82
2852,193,82
2853,193,83
2854,193,84
2855,193,85
2856,193,86
15439,594,10
15440,594,11
15441,594,16
15442,594,18
2881,166,32
2882,166,26
2883,166,44
2884,166,7
15443,594,19
15444,594,21
15445,594,22
15446,594,24
15447,594,25
15448,594,27
15449,594,28
12868,514,3
65821,854,50
65822,854,19
65823,854,61
83003,1034,31
12869,514,6
3133,110,32
3134,110,33
3135,110,7
3136,110,42
3137,110,87
3138,110,44
3139,110,45
3140,110,15
3141,110,23
3151,75,82
3152,75,83
3153,75,84
3154,75,85
3155,75,86
18582,617,15
18583,617,17
12870,514,43
13216,496,32
13217,496,44
3540,249,32
3541,249,46
58778,390,43
3588,90,1
3589,90,36
3590,90,87
3417,81,32
3418,81,1
3419,81,36
3420,81,7
3421,81,9
3422,81,87
3423,81,44
3424,81,51
3425,81,41
3426,81,56
3427,81,30
58779,390,22
58780,390,31
3458,33,26
3459,33,35
3460,33,45
55843,820,8
55844,820,18
55845,820,43
55846,820,28
55847,820,62
78713,151,82
78714,151,83
78715,151,84
78716,151,85
18584,617,23
18585,617,26
3633,16,32
3634,16,34
3635,16,35
3636,16,36
3643,21,32
3644,21,30
18586,617,32
18587,617,33
18588,617,34
18589,617,35
18590,617,36
18591,617,38
26563,525,6
26564,525,61
51779,561,43
51780,561,22
51781,561,31
12871,514,29
12872,514,50
12873,514,19
11239,545,82
11240,545,83
11241,545,84
12874,514,21
12875,514,25
11242,545,85
12876,514,61
29558,491,73
29559,491,22
29560,491,31
4460,169,72
4461,169,73
4462,169,43
4463,169,31
12223,367,26
12224,367,35
15450,594,29
16331,369,73
16332,369,2
12225,367,45
16333,369,43
16334,369,52
16335,369,31
13138,24,32
13139,24,1
13140,24,34
10974,544,2
10975,544,43
10976,544,52
10977,544,74
13141,24,36
13142,24,5
13143,24,38
10978,544,31
13144,24,7
11943,111,32
29900,535,85
11944,111,33
11945,111,34
11946,111,35
11947,111,6
11948,111,7
11949,111,9
11950,111,42
11951,111,43
57455,696,43
57456,696,22
57457,696,31
57532,776,48
57533,776,1
57534,776,36
57535,776,87
57580,758,34
57581,758,59
57582,758,42
57583,758,23
57601,742,34
57602,742,59
57603,742,42
57604,742,23
84822,187,8
84823,187,43
11952,111,44
15451,594,30
15452,594,31
15453,594,43
11953,111,45
11954,111,15
11955,111,3
11956,111,41
11957,111,23
11958,111,25
11959,111,26
11564,580,49
11565,580,35
11566,580,44
11567,580,45
11568,580,15
11960,111,31
11961,111,29
11962,111,30
15454,594,50
15455,594,52
11963,111,19
13145,24,9
13146,24,42
13147,24,43
15456,594,54
13148,24,44
13149,24,45
18592,617,41
13150,24,17
13151,24,18
13152,24,41
18593,617,42
18594,617,44
18595,617,45
13153,24,23
18596,617,46
13154,24,27
18597,617,47
18598,617,48
18599,617,49
18600,617,51
18601,617,53
18602,617,55
18603,617,56
18604,617,57
18605,617,59
18606,617,60
40957,512,3
16019,239,76
16020,239,39
40958,512,6
40959,512,43
40960,512,14
16126,164,1
16127,164,35
16128,164,36
16129,164,5
16130,164,43
16131,164,44
40961,512,29
40962,512,50
40963,512,19
40964,512,21
10159,566,1
10160,566,5
10161,566,7
10162,566,9
10163,566,13
10164,566,15
10165,566,17
10166,566,18
10167,566,23
10168,566,26
10169,566,27
10170,566,28
10171,566,32
10172,566,33
7870,553,33
7871,553,44
7872,553,45
7873,553,15
40965,512,25
40966,512,61
58809,851,36
58810,851,87
84824,187,18
84825,187,22
7874,553,49
7875,553,53
7876,553,47
6923,532,28
6924,532,43
6925,532,12
10173,566,34
10174,566,35
54881,785,34
54882,785,59
54883,785,23
55239,145,82
55240,145,83
55241,145,84
55242,145,85
55027,26,32
55028,26,33
55029,26,35
55030,26,36
67934,712,58
9382,527,25
9383,527,50
9384,527,43
9385,527,66
9386,527,29
12226,581,82
12227,581,84
12228,581,85
67935,712,64
12318,568,1
12319,568,36
12320,568,5
15457,594,58
15458,594,61
15459,594,62
84826,187,28
78717,151,86
12321,568,38
73246,608,50
73247,608,29
67936,712,65
67937,712,66
45034,656,31
55031,26,5
55032,26,1
13155,24,28
13156,24,30
12322,568,7
12323,568,41
12324,568,43
15460,594,63
44784,401,31
55033,26,9
12325,568,44
13218,496,46
12326,568,13
12327,568,46
12328,568,48
12329,568,17
12330,568,18
12331,568,51
12332,568,20
12333,568,55
12334,568,27
12335,568,28
12336,568,62
83082,653,29
83083,653,50
83084,653,52
83085,653,31
67938,712,67
83086,653,61
57458,693,16
57459,693,43
57460,693,11
57461,693,31
57462,693,63
57510,780,34
57511,780,9
57512,780,54
57513,780,23
57514,780,59
57515,780,30
52884,745,33
55034,26,7
55035,26,44
55036,26,45
55037,26,15
55038,26,17
83087,653,63
79689,869,2
79690,869,4
79691,869,5
11107,533,24
11108,533,43
11109,533,29
55039,26,18
55040,26,41
79692,869,7
55041,26,43
55042,26,87
55043,26,23
79693,869,9
55044,26,26
55045,26,28
55046,26,30
79694,869,10
30098,613,1
30099,613,7
55243,145,86
30100,613,9
30101,613,15
30102,613,17
79695,869,11
30103,613,18
12881,59,32
12882,59,33
12883,59,34
12884,59,35
12885,59,36
12886,59,38
30104,613,23
30105,613,26
30106,613,35
30107,613,38
30108,613,41
30109,613,42
30110,613,44
30111,613,45
12887,59,1
12888,59,41
12889,59,42
30112,613,46
30113,613,47
30114,613,48
79696,869,12
30115,613,49
30116,613,51
7798,552,17
7799,552,55
7800,552,36
7801,552,87
79697,869,16
67939,712,68
67940,712,69
12890,59,7
12891,59,44
84827,187,31
84879,937,9
84880,937,30
45983,501,45
67941,712,70
79724,883,42
12892,59,45
12893,59,15
12894,59,17
12895,59,43
12896,59,23
12897,59,30
79725,883,23
62743,894,22
30117,613,53
30118,613,55
30119,613,56
30120,613,57
30121,613,59
30122,613,60
14728,528,82
14729,528,83
14730,528,85
18760,616,33
18761,616,35
18762,616,44
18763,616,45
18764,616,47
18765,616,49
18766,616,53
18767,616,26
18768,616,15
18769,616,60
45759,590,3
45760,590,43
45761,590,29
78974,980,34
78975,980,59
78976,980,42
78977,980,23
30123,613,87
45762,590,50
18611,492,74
18612,492,52
18613,492,31
45763,590,19
45764,590,21
45765,590,25
45766,590,61
62744,894,63
67942,712,71
53304,626,60
55047,26,31
13157,136,32
13158,136,1
13159,136,35
54303,778,34
54304,778,59
54305,778,42
54306,778,23
13160,136,36
75121,914,31
75167,724,34
13161,136,7
13162,136,9
13163,136,42
13164,136,23
13165,136,44
13166,136,45
13167,136,15
13168,136,17
13169,136,41
67943,712,72
67944,712,73
67945,712,74
67786,707,82
67787,707,83
67788,707,84
67789,707,85
52885,745,34
67790,707,86
81008,945,32
84149,1062,74
84150,1062,52
84151,1062,31
58167,385,9
58168,385,58
58169,385,43
58170,385,30
81009,945,33
81010,945,35
81011,945,7
10691,478,18
81012,945,42
58348,663,34
58349,663,59
58350,663,42
10692,478,43
52886,745,59
44037,703,43
44038,703,76
81013,945,55
81014,945,44
81015,945,45
81016,945,46
52887,745,42
52888,745,45
52889,745,15
10693,478,30
10694,478,22
67946,712,76
68425,919,82
68426,919,83
68427,919,84
67999,873,34
68000,873,59
68001,873,42
68428,919,85
68429,919,86
81017,945,15
9804,263,49
9805,263,35
9806,263,15
30357,658,34
16132,164,17
16133,164,87
16134,164,26
16135,164,28
50395,630,82
52890,745,23
52891,745,47
54334,782,30
51090,547,43
51091,547,61
51092,547,6
54335,782,54
53363,576,18
53364,576,43
53365,576,28
53366,576,62
24361,160,29
15263,534,82
15264,534,83
15265,534,84
15266,534,85
15267,534,86
81018,945,49
78403,674,82
74492,729,34
24398,446,82
24399,446,83
74493,729,35
81019,945,51
81020,945,53
81021,945,59
10175,566,36
10176,566,38
53431,123,74
53432,123,43
53433,123,22
44225,537,56
44226,537,9
44227,537,30
44228,537,41
81022,945,23
81023,945,26
74494,729,7
10695,478,31
74495,729,42
78404,674,83
78405,674,84
78406,674,85
78407,674,86
81024,945,47
53434,123,31
53480,22,32
53481,22,44
53482,22,15
10177,566,41
10178,566,42
10179,566,44
10180,566,45
10181,566,46
10182,566,47
10183,566,48
10184,566,49
10185,566,51
10186,566,53
10187,566,55
10188,566,56
10189,566,57
10190,566,58
10191,566,59
10192,566,60
10193,566,62
83513,716,33
10408,564,1
10409,564,5
10410,564,7
10411,564,9
18481,318,33
18482,318,47
18483,318,45
18484,318,23
10412,564,13
10413,564,15
10414,564,17
10415,564,18
10416,564,23
10417,564,26
10418,564,27
10419,564,32
10420,564,33
10421,564,35
10422,564,36
10423,564,38
10424,564,41
10425,564,42
10426,564,44
10427,564,45
10428,564,46
10429,564,47
10430,564,48
10431,564,49
10432,564,51
10433,564,53
10434,564,55
10435,564,56
10436,564,57
10437,564,59
10438,564,60
83514,716,34
63719,870,57
63720,870,45
84828,934,43
83515,716,35
75122,932,72
75123,932,73
83516,716,42
83517,716,45
83518,716,47
75124,932,74
75125,932,52
75126,932,22
75127,932,31
72811,756,34
72812,756,59
75227,970,82
84338,1063,52
84829,934,22
84830,934,31
83519,716,49
74496,729,55
75228,970,84
13170,136,87
13171,136,26
13219,569,32
16065,72,32
16066,72,2
16067,72,8
16068,72,10
16069,72,43
16070,72,46
16071,72,18
16072,72,58
13220,569,44
13221,569,46
13222,569,7
16073,72,42
84881,937,54
84882,937,41
84625,1049,31
63721,870,15
75229,970,85
83520,716,53
72813,756,42
67266,86,33
16074,72,30
16075,72,31
67267,86,34
67268,86,35
66320,150,82
66321,150,83
66322,150,84
66323,150,85
66324,150,86
15126,395,6
15127,395,43
15128,395,61
15129,395,19
15130,395,29
15131,395,31
83521,716,57
79541,876,34
73619,964,23
54187,511,66
54188,511,43
54189,511,29
66936,845,34
66937,845,59
66938,845,42
66939,845,23
40906,629,43
40907,629,28
40908,629,62
67269,86,42
54190,511,61
85041,117,82
85042,117,84
67270,86,45
67271,86,15
67272,86,26
71963,865,34
71964,865,59
71965,865,42
71966,865,23
72814,756,23
79542,876,59
83522,716,26
83523,716,15
85043,117,85
85416,1071,74
85417,1071,52
57952,661,34
57953,661,59
85418,1071,22
79543,876,42
85419,1071,31
19689,589,19
19690,589,50
19691,589,43
19692,589,66
19693,589,29
54976,475,73
54977,475,43
74497,729,45
74498,729,15
74499,729,49
57954,661,42
57955,661,23
54978,475,52
54979,475,22
54980,475,31
51751,487,49
51752,487,35
51753,487,45
52856,751,34
52857,751,59
83221,720,82
70131,929,23
70132,929,42
70133,929,59
70134,929,34
70135,929,69
54239,638,43
54240,638,29
16661,155,82
16662,155,83
16663,155,84
16664,155,85
16665,155,86
54241,638,6
54242,638,61
54985,139,82
83524,716,60
85131,1065,82
85132,1065,83
45492,764,82
16698,517,82
16699,517,83
16700,517,84
16701,517,85
16702,517,86
16715,393,43
16716,393,22
16717,393,31
45493,764,83
45494,764,84
45495,764,85
45496,764,86
85133,1065,84
85134,1065,85
54986,139,83
54987,139,84
84094,483,64
16730,436,73
16731,436,43
16732,436,22
16733,436,31
54988,139,85
84095,483,43
84096,483,29
84097,483,14
84098,483,61
19797,510,73
19798,510,22
19799,510,31
79034,978,34
79035,978,59
19812,508,82
19813,508,84
19814,508,85
19815,508,86
40883,714,23
40884,714,42
40885,714,59
40886,714,34
40887,714,77
68002,873,23
79036,978,42
79037,978,23
43834,718,32
54817,809,31
43835,718,45
85232,1040,82
81550,949,31
18399,394,43
18400,394,31
81551,949,43
19917,176,82
19918,176,83
19919,176,84
19920,176,86
19956,174,82
19957,174,83
19958,174,84
19959,174,85
19960,174,86
19014,597,18
19015,597,30
81552,949,52
81553,949,22
63864,909,27
63865,909,58
57956,650,34
63866,909,43
63867,909,30
85233,1040,83
79544,876,23
79698,869,17
79699,869,18
79700,869,20
79701,869,24
79702,869,27
79703,869,28
79704,869,32
79705,869,36
82875,364,40
82876,364,43
82877,364,29
82878,364,50
84204,105,42
79706,869,38
79707,869,41
26724,353,28
26725,353,43
26726,353,12
26727,353,86
26284,526,31
26285,526,43
26286,526,22
19637,567,1
79431,1000,32
79432,1000,81
60422,736,34
81554,949,63
60423,736,35
79433,1000,55
60424,736,9
60425,736,42
60426,736,45
60427,736,15
60428,736,53
60429,736,23
60430,736,26
60431,736,59
79708,869,43
74500,729,51
74501,729,53
74502,729,59
74503,729,23
84205,105,59
68042,908,82
79709,869,44
79710,869,47
79711,869,48
79712,869,51
79713,869,54
79714,869,55
79715,869,56
84206,105,34
84207,105,77
85234,1040,84
85235,1040,85
85282,1038,82
85283,1038,83
19638,567,5
19639,567,7
19640,567,9
19641,567,13
19642,567,15
19643,567,17
19644,567,18
19645,567,23
19646,567,26
19647,567,27
19648,567,32
19649,567,33
19650,567,34
19651,567,35
19652,567,36
19653,567,38
19654,567,41
19655,567,42
19656,567,44
19657,567,45
19658,567,46
19659,567,47
26287,526,63
19660,567,48
19661,567,49
19662,567,51
19663,567,53
19664,567,55
19665,567,56
19666,567,57
19667,567,59
19668,567,60
57957,650,59
59733,775,36
59734,775,87
59742,836,49
59743,836,35
59800,847,31
59801,847,43
55295,694,1
55296,694,7
55297,694,9
57958,650,23
56610,435,27
55298,694,15
52858,751,42
52859,751,23
83525,733,1
52506,755,34
83526,733,34
83527,733,35
83528,733,36
83529,733,41
85505,1078,23
85526,1076,34
85527,1076,59
85528,1076,42
85529,1076,23
83530,733,42
83531,733,45
19878,180,82
19925,175,82
85284,1038,84
85285,1038,85
52507,755,59
52508,755,42
53952,518,66
53953,518,69
53954,518,70
53955,518,41
53956,518,43
53957,518,29
24645,612,80
24646,612,34
24647,612,59
24648,612,42
24649,612,45
52509,755,23
53958,518,6
53959,518,61
83532,733,15
83533,733,48
83534,733,53
24678,575,73
24679,575,31
54258,781,34
83535,733,23
83536,733,26
83537,733,59
85286,1038,86
29961,411,82
29962,411,83
29963,411,84
29964,411,85
51823,605,29
54259,781,59
51824,605,6
51825,605,61
79726,991,43
54260,781,23
56611,435,58
56612,435,43
56613,435,2
79727,991,28
73517,879,49
73518,879,35
73519,879,45
54989,142,82
54990,142,83
54991,142,84
54992,142,85
54993,142,86
55299,694,17
55300,694,23
55301,694,26
55302,694,32
55303,694,33
55304,694,34
55305,694,35
55306,694,36
55307,694,38
55308,694,41
55309,694,42
55310,694,44
55311,694,45
55312,694,47
55313,694,48
55314,694,49
55315,694,56
55316,694,57
55317,694,59
52966,637,28
52967,637,62
54752,807,31
43573,662,34
43574,662,59
75128,931,74
75129,931,44
52989,621,43
52990,621,22
52991,621,31
43575,662,42
43576,662,23
54818,798,31
62761,891,34
62762,891,8
58750,331,43
58751,331,22
79038,685,18
79039,685,28
79040,685,5
62763,891,42
60745,858,31
60746,858,73
60747,858,43
60748,858,22
60749,858,63
62764,891,76
58752,331,31
62765,891,23
40452,461,48
40453,461,1
40454,461,36
40455,461,38
40515,189,19
40516,189,50
62766,891,58
73520,879,15
64732,730,34
64733,730,59
84495,1056,33
84496,1056,83
40517,189,43
40518,189,29
40519,189,61
84497,1056,45
84208,127,2
84209,127,3
84210,127,4
54354,783,34
54355,783,59
54356,783,23
79041,685,62
79716,869,58
31640,690,29
31641,690,61
31639,690,66
79717,869,62
79718,869,87
84211,127,6
83222,720,83
83223,720,84
83224,720,85
60648,750,34
60649,750,59
60650,750,42
60651,750,23
84212,127,8
84213,127,10
84214,127,11
84215,127,16
84498,1056,15
68672,754,34
68673,754,59
54811,795,82
54812,795,83
54813,795,84
54144,747,34
54145,747,59
54146,747,42
54147,747,23
54814,795,85
54815,795,86
45663,746,32
45664,746,44
54162,767,30
45665,746,46
45666,746,15
42320,559,32
42321,559,1
42322,559,35
42323,559,36
42324,559,38
68674,754,42
68675,754,23
71188,953,31
71189,953,43
71190,953,22
71191,953,63
79728,991,62
79729,991,7
79964,112,32
74504,729,26
60513,734,32
74505,729,47
79965,112,33
79966,112,34
79967,112,35
79968,112,6
79969,112,7
79832,969,41
79833,969,58
79834,969,2
79835,969,30
79970,112,8
79971,112,9
42325,559,7
42326,559,9
42327,559,44
42328,559,45
42329,559,15
42330,559,48
42331,559,51
42332,559,53
40913,482,32
40914,482,44
55357,812,73
55358,812,22
55359,812,31
60514,734,34
60515,734,7
60516,734,9
60517,734,42
60518,734,23
60519,734,44
60520,734,46
60521,734,15
60522,734,41
58186,792,82
58187,792,83
58188,792,84
58189,792,85
58190,792,86
40915,482,46
40916,482,7
42333,559,54
42334,559,41
42335,559,30
79972,112,42
79973,112,43
42388,675,43
42389,675,22
42390,675,31
60523,734,56
60524,734,59
60525,734,30
67279,848,31
67280,848,43
67281,848,22
67282,848,63
40362,706,82
40363,706,83
40364,706,84
40365,706,85
40366,706,86
32227,654,34
32228,654,42
32229,654,77
32230,654,80
32231,654,85
32232,654,23
32233,654,59
32211,671,34
32212,671,59
32213,671,42
32214,671,23
37646,625,43
37647,625,4
37648,625,8
37649,625,63
37650,625,10
37651,625,11
37652,625,12
37653,625,16
37654,625,18
37655,625,20
37656,625,62
37657,625,22
53574,540,2
53575,540,43
53576,540,52
53577,540,74
37658,625,24
37659,625,27
37660,625,28
37661,625,30
37662,625,31
42284,744,33
42285,744,34
56614,435,30
56641,363,43
56642,363,22
56643,363,31
40386,194,33
40387,194,34
40388,194,38
40389,194,15
40390,194,23
40391,194,57
40392,194,59
40456,460,82
40457,460,83
40458,460,84
40459,460,85
42286,744,59
42287,744,42
42288,744,45
42289,744,15
46182,615,35
46183,615,44
42290,744,23
42291,744,47
42336,560,32
42337,560,1
42338,560,35
42339,560,36
42340,560,38
42341,560,7
42342,560,9
42343,560,44
42344,560,45
42345,560,15
42346,560,48
42347,560,51
42348,560,53
42349,560,54
42350,560,41
42351,560,30
46184,615,45
46185,615,49
46186,615,53
46187,615,26
59802,847,22
59803,847,63
68252,893,31
68253,893,22
68254,893,63
53578,540,31
54619,777,34
54620,777,59
54621,777,23
54627,805,31
79974,112,44
79975,112,45
79976,112,15
79977,112,3
77494,1005,52
85195,1042,82
85196,1042,83
85197,1042,84
85198,1042,85
51729,549,73
51730,549,43
51731,549,52
51732,549,22
51733,549,31
51797,523,73
51798,523,43
53918,766,11
57585,748,34
57586,748,59
57587,748,42
57588,748,23
84216,127,43
84217,127,19
70788,941,57
70789,941,45
84218,127,21
84219,127,25
70790,941,15
84220,127,29
84221,127,31
70815,942,28
70816,942,12
70817,942,62
64734,730,42
64735,730,23
75036,87,3
65735,862,8
65736,862,43
65737,862,52
53919,766,31
53984,338,32
53985,338,44
53986,338,46
54011,699,82
54012,699,83
54013,699,44
54014,699,85
51299,548,25
51300,548,50
51301,548,43
51799,523,52
51800,523,22
51801,523,31
44805,543,33
44085,289,73
44086,289,43
43359,708,38
44087,289,22
44088,289,31
44806,543,47
43360,708,41
43361,708,42
43362,708,43
43363,708,44
43364,708,45
43365,708,82
43366,708,83
44807,543,45
43367,708,85
44808,543,77
44171,302,32
44172,302,36
75037,87,43
44173,302,28
44174,302,29
44175,302,30
44176,302,31
75038,87,19
75039,87,21
75040,87,25
65738,862,22
75041,87,29
75054,938,80
75055,938,33
70871,947,41
70872,947,18
70873,947,30
70874,947,54
68832,927,34
65739,862,63
51302,548,29
51303,548,65
44516,710,2
42352,558,32
42353,558,1
33621,195,34
33622,195,42
33623,195,43
33624,195,15
33625,195,22
33626,195,23
33627,195,59
33628,195,31
42354,558,35
42355,558,36
42356,558,38
42357,558,7
42358,558,9
42359,558,44
42360,558,45
42361,558,15
42362,558,48
42363,558,51
42364,558,53
42365,558,54
42366,558,41
42367,558,30
44517,710,3
44518,710,4
44519,710,6
44520,710,10
44521,710,11
44522,710,12
44523,710,16
44524,710,19
44525,710,21
44526,710,22
44527,710,24
51637,705,2
51638,705,3
44528,710,25
44529,710,28
44530,710,29
44531,710,30
44532,710,31
44533,710,32
44534,710,43
44535,710,50
44536,710,52
44537,710,58
44538,710,61
44539,710,62
44540,710,63
51639,705,4
51640,705,6
51641,705,8
51642,705,10
51643,705,11
51644,705,12
51645,705,16
51646,705,18
51647,705,19
51648,705,21
51649,705,22
51650,705,24
51651,705,25
51652,705,27
51653,705,28
51654,705,30
51655,705,43
51656,705,50
65740,862,30
65741,862,31
65778,875,31
65779,875,43
65780,875,22
65781,875,63
68833,927,59
68834,927,42
68835,927,23
75056,938,47
75070,959,41
75071,959,58
75072,959,27
75073,959,76
62558,624,2
62559,624,73
75074,959,30
51657,705,52
51658,705,61
51659,705,63
53868,749,34
53869,749,59
53870,749,42
53871,749,23
45497,721,73
45498,721,83
45499,721,22
45500,721,31
79978,112,41
79979,112,23
54628,806,31
79980,112,25
79981,112,26
79982,112,31
67288,573,32
67289,573,26
67290,573,44
67291,573,46
79983,112,29
79984,112,19
40484,689,3
40485,689,43
40486,689,29
40487,689,50
40488,689,19
40489,689,21
40490,689,25
40491,689,61
85199,1042,86
40851,639,48
40852,639,36
40897,692,48
40898,692,1
40899,692,36
72751,863,32
72752,863,33
72753,863,34
72754,863,35
72755,863,36
72756,863,38
72757,863,41
82879,364,86
67767,834,34
61297,868,82
61298,868,83
85088,994,1
82880,364,58
82881,364,61
82882,364,63
78549,484,82
78550,484,83
78551,484,84
74530,731,34
74531,731,59
74532,731,42
74533,731,23
73620,964,42
61299,868,44
67768,834,59
42754,691,82
42755,691,83
42756,691,84
42757,691,85
42758,691,86
53778,578,31
52935,741,34
52936,741,9
73621,964,59
73622,964,34
73623,964,69
78552,484,85
52937,741,42
52938,741,77
52623,757,34
52624,757,59
52625,757,42
52626,757,23
52939,741,41
52940,741,23
52941,741,56
52942,741,59
52943,741,30
52948,740,34
52949,740,59
52950,740,42
52951,740,23
85089,994,36
85090,994,41
85091,994,87
85092,994,48
54473,761,34
54474,761,59
54475,761,42
54476,761,23
67769,834,42
78553,484,86
85093,994,54
85094,994,9
67770,834,23
78179,975,10
78180,975,11
78181,975,12
78182,975,16
78183,975,50
78184,975,22
62560,624,74
62561,624,43
62562,624,52
72758,863,42
78185,975,24
62370,631,31
62563,624,22
78186,975,63
85095,994,30
72759,863,43
53112,622,72
53113,622,73
53114,622,43
53115,622,52
53116,622,22
53117,622,63
53118,622,31
72760,863,44
79868,1024,57
79869,1024,34
79870,1024,42
78187,975,28
55560,813,32
55561,813,33
55562,813,34
55563,813,36
55564,813,30
78188,975,29
62564,624,31
72761,863,45
78189,975,62
79871,1024,15
56618,686,43
56619,686,22
56620,686,31
83202,880,74
83203,880,52
83204,880,30
58154,490,33
58155,490,55
58156,490,45
72762,863,83
72763,863,85
72764,863,87
72765,863,29
58157,490,15
58158,490,23
58159,490,57
59746,828,52
59747,828,31
59804,726,34
68445,476,43
68446,476,22
68447,476,31
80920,857,64
80921,857,73
80922,857,74
80923,857,76
80924,857,52
80925,857,61
75142,763,34
55914,819,57
55915,819,34
55916,819,42
55917,819,15
56621,839,32
56622,839,51
56623,839,44
56624,839,7
30351,665,34
80926,857,30
56792,817,74
56793,817,52
80927,857,63
68177,898,18
58207,717,43
58208,717,28
58209,717,62
68178,898,43
68179,898,28
68180,898,62
75143,763,59
83546,1057,72
68043,908,83
58304,843,32
83547,1057,43
85150,1044,82
85151,1044,83
58305,843,17
58306,843,43
58307,843,44
59940,595,1
59941,595,7
58351,663,23
83548,1057,22
83549,1057,31
83590,831,82
85412,1070,74
58380,666,34
58381,666,59
58382,666,42
58383,666,23
57816,657,34
57817,657,59
57818,657,42
57819,657,23
68044,908,84
68045,908,85
68046,908,86
85413,1070,52
85414,1070,22
58423,387,43
58424,387,22
58425,387,31
58435,392,43
58436,392,22
58437,392,31
56091,830,29
56092,830,31
85415,1070,31
56114,678,43
56115,678,22
56116,678,31
56121,695,82
56122,695,83
56123,695,84
56124,695,85
59942,595,15
59943,595,23
59944,595,26
59945,595,32
85430,1073,34
85152,1044,84
85153,1044,85
85154,1044,71
85431,1073,42
66940,905,32
66941,905,33
66942,905,35
66943,905,36
66944,905,38
66945,905,1
66946,905,42
66947,905,55
85432,1073,23
66948,905,44
66949,905,45
79872,1008,34
83228,1054,17
83229,1054,28
56198,835,49
56199,835,35
56211,815,27
56212,815,58
56213,815,43
56214,815,76
56215,815,30
83230,1054,62
56625,840,34
56626,840,59
56627,840,42
56628,840,23
57920,664,34
57921,664,59
57922,664,42
57923,664,23
79873,1008,59
59946,595,33
59947,595,34
79874,1008,42
79875,1008,23
79398,687,31
79399,687,43
59948,595,35
59949,595,36
59950,595,38
59951,595,41
59952,595,42
79400,687,22
79401,687,63
79944,1004,34
79945,1004,59
79946,1004,42
79947,1004,23
83925,832,31
57772,667,34
57773,667,59
57774,667,42
57775,667,23
59953,595,44
59954,595,45
66950,905,46
66951,905,15
66952,905,49
66953,905,53
59955,595,46
59956,595,47
59957,595,49
59958,595,53
59959,595,55
59960,595,56
66954,905,59
66955,905,23
66956,905,57
66957,905,26
66958,905,47
66959,905,60
67866,391,43
67867,391,22
67868,391,31
59382,365,32
59383,365,1
59384,365,35
59385,365,36
59386,365,7
60101,62,32
60102,62,33
60103,62,36
60104,62,5
67963,668,34
67964,668,59
67965,668,42
82824,551,64
82825,551,19
82826,551,66
82827,551,3
56462,125,32
56463,125,1
56464,125,36
56465,125,5
56466,125,43
56467,125,17
56468,125,87
56469,125,27
56470,125,28
67966,668,23
82828,551,70
66342,55,32
66343,55,33
66344,55,34
66345,55,36
66346,55,38
66347,55,1
66348,55,8
66349,55,9
66350,55,42
66351,55,43
82829,551,6
58468,389,43
58469,389,22
58470,389,31
58492,570,73
58493,570,31
58494,570,63
82830,551,71
82831,551,8
82832,551,73
82833,551,74
56513,684,82
56514,684,83
56515,684,84
56516,684,85
56517,184,32
56518,184,35
56519,184,7
56520,184,44
56521,184,45
56522,184,15
56523,184,26
58526,818,31
59387,365,43
59388,365,44
59389,365,46
59390,365,15
59391,365,48
59392,365,17
59393,365,18
59394,365,53
59395,365,87
59396,365,55
59397,365,28
59961,595,57
59962,595,59
59963,595,60
60105,62,38
60106,62,1
60107,62,8
60108,62,41
60109,62,42
60110,62,7
60111,62,44
60112,62,45
60113,62,15
60114,62,17
60115,62,18
60116,62,23
60117,62,26
60118,62,30
82834,551,43
82835,551,76
75144,763,42
75145,763,23
85433,1074,34
85434,1074,59
85435,1074,42
85436,1074,23
81480,936,34
82836,551,61
59815,571,33
59816,571,34
59817,571,35
59818,571,41
59819,571,45
59820,571,47
59821,571,49
84964,1067,32
66352,55,44
59822,571,23
59823,571,26
59824,571,59
66353,55,45
66354,55,15
66355,55,41
66356,55,7
66357,55,28
66358,55,30
84965,1067,44
84966,1067,46
84971,673,34
84399,1046,34
84400,1046,59
84401,1046,45
84418,1047,34
84419,1047,59
84420,1047,42
84421,1047,23
84455,737,33
84456,737,34
84457,737,59
84458,737,42
84459,737,45
84460,737,15
84972,673,59
84973,673,42
76098,999,74
67386,916,22
67387,916,31
76099,999,52
58910,185,1
58911,185,36
58912,185,38
62565,697,24
62566,697,31
62567,697,10
62568,697,43
62569,697,63
76100,999,31
84974,673,23
75387,990,43
75388,990,28
75389,990,62
75390,990,7
79904,1003,34
79905,1003,59
79906,1003,42
16430,118,32
16431,118,1
16432,118,34
16433,118,35
16434,118,36
16435,118,7
16436,118,9
16437,118,42
16438,118,23
16439,118,44
16440,118,45
16441,118,15
16442,118,17
16443,118,41
16444,118,26
16445,118,30
79907,1003,23
79461,1017,33
79462,1017,63
79463,1017,47
79464,1017,52
79465,1017,54
73536,852,82
66295,890,81
66296,890,34
66297,890,59
65639,897,28
82837,551,72
82838,551,50
82839,551,67
82840,551,21
82841,551,22
59453,772,32
59454,772,34
59455,772,7
59456,772,42
59457,772,44
59458,772,46
59459,772,17
59460,772,51
59461,772,23
59462,772,59
65640,897,12
65641,897,62
62767,891,59
62768,891,30
63274,866,32
75146,954,32
75147,954,33
75148,954,34
82842,551,63
82843,551,29
82844,551,31
84267,885,34
84268,885,59
84269,885,42
84270,885,23
81136,1045,34
79845,768,34
79846,768,28
79847,768,30
79466,1017,58
75149,954,35
75150,954,36
75151,954,38
84901,833,33
63275,866,28
63276,866,34
63277,866,36
66298,890,42
66299,890,23
68688,753,34
68689,753,59
68690,753,42
68691,753,23
79467,1017,59
79468,1017,30
84902,833,57
84903,833,45
84904,833,15
85248,1037,82
85249,1037,83
85250,1037,84
85251,1037,85
73537,852,83
73538,852,84
67776,874,27
67777,874,58
67778,874,43
67779,874,76
67780,874,30
73539,852,85
73540,852,86
73553,762,34
73554,762,59
75152,954,1
75153,954,42
75154,954,44
75155,954,45
75156,954,47
62588,886,82
62589,886,83
62590,886,84
62591,886,85
75157,954,48
64604,154,82
73555,762,42
73556,762,23
75158,954,49
75159,954,51
75160,954,23
62784,892,48
62785,892,1
62603,887,34
62604,887,59
62605,887,42
62606,887,23
75161,954,26
85536,1079,43
85537,1079,28
85538,1079,62
85335,709,82
62786,892,36
62787,892,87
85336,709,83
85337,709,84
75162,954,59
75163,954,60
79469,1017,31
81137,1045,59
64605,154,83
64606,154,84
64607,154,85
85338,709,85
85339,709,86
67185,822,74
67186,822,52
81138,1045,42
81139,1045,23
67187,822,31
75238,925,82
75239,925,83
75240,925,84
75241,925,85
83231,158,64
83232,158,65
83233,158,66
75324,973,49
75325,973,26
75326,973,35
75327,973,53
75328,973,45
61269,867,85
61270,867,28
61271,867,30
72141,36,82
72142,36,83
72143,36,84
72144,36,85
83234,158,67
83235,158,68
83236,158,69
83237,158,70
61272,867,31
68298,860,49
68299,860,35
68300,860,44
68301,860,45
68302,860,15
71201,952,35
83238,158,71
83239,158,43
83240,158,29
68083,924,34
68084,924,77
75057,920,82
75058,920,83
75059,920,84
75060,920,85
75061,920,86
76071,962,66
76072,962,76
76073,962,50
76074,962,58
76075,962,61
76076,962,30
84905,853,33
68692,619,31
62857,903,32
62858,903,34
68693,619,43
68694,619,22
67996,899,66
62859,903,36
67750,810,82
84906,853,34
81508,981,79
67751,810,83
67545,198,49
67546,198,26
67547,198,35
61263,867,32
61264,867,33
61265,867,34
61266,867,35
67548,198,45
68695,619,63
61267,867,36
62867,676,66
62868,676,43
62869,676,29
62870,676,61
61268,867,84
67549,198,15
67752,810,85
67753,810,86
81509,981,42
81510,981,59
67754,810,45
67997,899,29
67998,899,61
83591,829,29
83592,829,31
84907,853,35
84908,853,42
84422,1007,34
84423,1007,59
84424,1007,42
84425,1007,23
65761,864,82
84461,737,23
84462,737,47
84909,853,45
81038,143,33
65762,864,83
65763,864,84
65764,864,85
65765,864,86
81039,143,17
81040,143,7
81041,143,42
81042,143,44
62907,904,74
62908,904,52
62909,904,31
81043,143,45
63830,907,52
63831,907,74
63832,907,84
81044,143,15
81045,143,49
81046,143,23
68209,915,36
63833,907,22
68210,915,29
68211,915,30
68212,915,31
81047,143,26
81511,981,34
81512,981,85
81513,109,82
81514,109,84
81515,109,85
80373,1031,23
80374,1031,42
80375,1031,59
80376,1031,34
80377,1031,69
84910,853,15
84911,853,49
84912,853,53
84913,853,57
85005,859,1
70068,611,34
70069,611,22
70070,611,31
82914,921,82
82915,921,83
68245,871,33
68246,871,57
68247,871,45
68248,871,15
80707,911,64
80708,911,72
80709,911,58
68255,186,8
68256,186,43
68257,186,28
80710,911,76
80711,911,74
82916,921,84
82917,921,85
82918,921,86
85006,859,7
85007,859,9
85008,859,13
75932,996,32
75933,996,1
75934,996,36
75935,996,5
75936,996,43
75937,996,48
67182,823,74
67183,823,52
67184,823,31
75938,996,17
75939,996,51
85009,859,15
85010,859,17
85011,859,23
85012,859,26
77347,884,34
77348,884,59
85013,859,30
77349,884,42
77350,884,23
85014,859,32
72592,967,18
72593,967,43
72594,967,28
72595,967,62
85015,859,33
85016,859,34
85017,859,35
85018,859,36
85019,859,38
83241,158,50
83242,158,61
73072,940,32
73073,940,1
68656,701,82
68657,701,83
68658,701,84
68659,701,85
73074,940,49
73075,940,38
73076,940,7
73077,940,42
73078,940,23
73079,940,44
73080,940,45
73081,940,46
73082,940,47
73083,940,48
73084,940,81
73085,940,51
73086,940,53
73087,940,87
73088,940,55
73089,940,26
73090,940,59
73091,940,57
76017,997,1
76018,997,36
74583,930,33
74584,930,81
74585,930,45
74586,930,47
74587,930,49
74588,930,57
74589,930,60
76019,997,5
76020,997,43
76021,997,48
76022,997,17
76023,997,51
70006,928,1
70007,928,3
70008,928,4
70009,928,11
70010,928,19
70011,928,22
70012,928,28
70013,928,29
70014,928,30
70015,928,31
70016,928,32
70017,928,34
70018,928,36
70019,928,42
70020,928,44
70021,928,48
70022,928,50
70023,928,52
70024,928,57
70025,928,61
70026,928,62
70027,928,63
70028,928,87
71947,963,23
71948,963,42
71949,963,59
71950,963,34
75872,563,43
75873,563,28
75874,563,5
75875,563,62
80944,144,34
80945,144,35
80946,144,42
80947,144,45
80948,144,15
80949,144,49
79811,983,33
79812,983,57
70527,939,33
79813,983,15
80950,144,57
78138,1013,82
78139,1013,83
78140,1013,84
78141,1013,85
78142,1013,86
84056,456,72
84057,456,43
84058,456,52
72057,933,64
72628,968,34
72629,968,59
72346,841,28
72347,841,62
72630,968,42
72631,968,23
83806,116,81
83807,116,35
83808,116,44
83888,642,82
72058,933,74
72059,933,76
72060,933,52
72061,933,58
72062,933,31
83593,1023,34
83594,1023,59
83595,1023,77
83889,642,71
83890,642,72
83891,642,73
80951,144,26
81048,837,34
81049,837,59
83892,642,74
83893,642,75
83894,642,76
83895,642,77
83896,642,78
83897,642,50
83243,452,65
83244,452,66
81050,837,42
81051,837,23
82947,923,82
82948,923,83
77416,196,3
73699,459,26
73700,459,35
73701,459,53
73702,459,45
75025,958,2
75026,958,41
75027,958,76
75028,958,22
75029,958,58
75030,958,27
82949,923,84
82950,923,85
82951,923,86
83898,642,52
83899,642,85
83900,642,54
83901,642,84
83902,642,61
83903,642,63
84059,456,22
84060,456,31
84065,550,64
84859,950,43
84860,950,22
84861,950,31
84066,550,43
84067,550,29
84068,550,61
83245,452,67
83246,452,68
83247,452,69
83248,452,70
83249,452,43
82997,682,82
82998,682,83
82999,682,84
83000,682,85
83001,682,86
83250,452,29
83251,452,50
77417,196,6
77418,196,43
75099,872,34
75100,872,59
75101,872,42
75102,872,23
83252,452,61
84914,966,82
84915,966,84
84916,966,86
77419,196,19
77420,196,22
76056,998,82
76057,998,83
76058,998,84
76059,998,85
76060,170,82
76061,170,83
76062,170,84
76063,170,85
76064,170,86
77114,700,82
77115,700,83
77116,700,84
77117,700,85
77118,700,86
77421,196,29
77422,196,31
85020,859,41
77898,861,2
77899,861,27
77900,861,42
75557,995,33
75558,995,34
75559,995,35
77901,861,76
77902,861,77
77903,861,23
77904,861,58
77905,861,59
77906,861,30
78190,975,31
85021,859,42
85022,859,44
85023,859,45
85024,859,46
84511,1055,33
84512,1055,57
84513,1055,45
84514,1055,15
85322,1036,33
85323,1036,35
85324,1036,45
85325,1036,47
85326,1036,15
70490,935,33
70491,935,34
70492,935,35
70493,935,38
70494,935,1
70495,935,42
70496,935,44
70497,935,45
70498,935,47
70499,935,49
70500,935,87
70501,935,57
70502,935,26
70503,935,15
70504,935,60
73169,618,82
73170,618,83
73171,618,84
73172,618,85
73983,842,50
73984,842,43
73985,842,21
73986,842,66
73987,842,29
75206,956,32
75207,956,3
75208,956,54
73248,167,82
73249,167,83
73250,167,84
73251,167,85
73252,167,86
75209,956,6
75210,956,7
75211,956,9
75212,956,46
75213,956,61
75214,956,81
75215,956,50
75216,956,19
75217,956,22
75218,956,58
75219,956,26
75220,956,29
75031,957,41
75032,957,58
75033,957,27
80952,1041,82
75034,957,76
75035,957,30
75221,956,30
80953,1041,83
80954,1041,84
80955,1041,85
80956,1041,86
75222,956,31
79814,1014,33
84917,972,32
84918,972,1
78850,659,1
78851,659,7
75383,989,57
75384,989,34
75385,989,42
75386,989,15
70867,946,41
70868,946,18
70869,946,30
70870,946,54
78080,462,1
78081,462,7
78082,462,9
78083,462,15
71202,952,36
71203,952,44
71204,952,45
71205,952,47
71206,952,48
71207,952,49
71208,952,51
71209,952,59
73068,944,34
73069,944,59
73070,944,42
73071,944,23
71210,952,60
78084,462,17
78085,462,18
78086,462,23
78087,462,26
78088,462,30
78089,462,32
78090,462,33
78091,462,34
78092,462,35
78093,462,36
78094,462,38
78095,462,41
78096,462,42
78097,462,44
78098,462,45
78099,462,46
78100,462,47
78101,462,48
78102,462,49
78103,462,51
78104,462,53
78105,462,54
78106,462,55
78107,462,56
78108,462,57
78109,462,59
78110,462,60
78111,462,80
78852,659,8
78853,659,9
78854,659,15
78855,659,17
78112,462,87
75441,993,48
75442,993,1
75443,993,87
75444,993,54
75445,993,41
78856,659,18
78857,659,23
78858,659,26
78859,659,30
78860,659,32
78861,659,34
78862,659,41
78863,659,42
78864,659,44
78865,659,45
78866,659,46
78867,659,51
78868,659,53
78869,659,55
78870,659,56
78871,659,57
78872,659,59
78873,659,87
79815,1014,34
79816,1014,42
84069,494,11
84070,494,43
84071,494,29
84072,494,61
84919,972,36
84920,972,5
79817,1014,45
84921,972,7
84922,972,44
84654,1048,42
84655,1048,59
85340,643,27
85341,643,58
84656,1048,34
84657,1048,69
84923,972,46
84924,972,48
84925,972,17
85342,643,43
79818,1014,15
79819,1014,57
85343,643,76
85344,643,30
79418,948,34
79419,948,59
79420,948,42
79421,948,23
79954,1012,82
79955,1012,83
79956,1012,84
79957,1012,85
79958,1012,86
80286,1027,32
80287,1027,34
80288,1027,36
80289,1027,28
80290,1027,29
80291,1027,30
84073,351,83
84074,351,84
84075,351,85
84286,149,82
84287,149,84
80292,1027,31
80366,1035,52
80367,1035,31
84288,149,85
84864,816,74
84865,816,43
84866,816,31
84926,972,51
83132,1052,22
83133,1052,31
85494,1077,34
75321,987,74
75322,987,52
75323,987,31
85495,1077,59
85025,859,47
85026,859,48
85027,859,49
85028,859,53
85029,859,55
76698,1002,33
76699,1002,35
76700,1002,49
76701,1002,7
76702,1002,42
76703,1002,55
76704,1002,44
76705,1002,45
76706,1002,46
76707,1002,47
76708,1002,80
76709,1002,81
76710,1002,51
76711,1002,53
76712,1002,23
76713,1002,26
76714,1002,59
76715,1002,60
85030,859,56
85031,859,57
85032,859,59
85033,859,60
85034,859,87
85059,1015,80
85496,1077,42
85497,1077,23
83215,1053,31
83216,1053,63
82380,878,29
82381,878,86
82382,878,31
85060,1015,26
85061,1015,35
85062,1015,45
85063,1015,47
85345,769,82
85346,769,83
85347,769,84
85348,769,85
85361,1068,52
85362,1068,22
85363,1068,31
77911,732,34
77912,732,59
77913,732,42
77914,732,23
77480,82,15
77481,82,35
77482,82,45
85171,1043,82
85172,1043,83
85173,1043,84
85174,1043,85
84076,507,82
77483,82,53
80293,1033,33
80294,1033,35
80295,1033,45
80296,1026,61
79134,976,31
79572,1018,34
79573,1018,59
79574,1018,42
79595,979,34
79378,943,80
79596,979,59
79597,979,42
85457,1075,23
85458,1075,42
85459,1075,59
85460,1075,34
85461,1075,69
79598,979,23
75320,986,79
75317,986,34
75318,986,59
75319,986,42
79379,943,33
76920,368,8
76921,368,82
76922,368,84
76923,368,63
79380,943,45
79381,943,47
80297,1026,43
80298,1026,69
80299,1026,6
80300,1026,29
84077,507,84
84078,507,85
84079,507,86
83134,771,33
83135,771,34
83136,771,59
83137,771,9
83138,771,42
83139,771,43
83140,771,2
83141,771,47
83142,771,56
83143,771,52
83144,771,22
83145,771,41
83146,771,23
83147,771,58
82931,977,33
82932,977,34
82933,977,42
82934,977,23
82935,977,57
82936,977,59
83148,771,27
83149,771,26
84927,814,32
84928,814,33
84929,814,34
84295,1064,82
84296,1064,83
84297,1064,84
84298,1064,85
84303,1006,32
84304,1006,33
84305,1006,34
84306,1006,35
84930,814,36
84307,1006,36
84308,1006,7
84309,1006,15
84310,1006,17
84311,1006,23
83937,669,34
83938,669,59
83939,669,42
83940,669,23
84312,1006,26
84313,1006,28
85349,680,34
85350,680,9
85351,680,42
85352,680,23
85353,680,54
85354,680,41
85355,680,59
84931,814,5
84932,814,38
84933,814,1
84934,814,9
84935,814,42
84936,814,7
84937,814,44
84938,814,45
84939,814,15
84940,814,17
84941,814,87
84942,814,23
84943,814,26
84944,814,30
